epoch,train_loss,val_loss,val_f1,val_precision,val_recall,val_threshold,candidate
1,0.5830305814743042,0.5638347744941712,0.7400881057268722,0.6222222222222222,0.9130434782608695,0.585,MLP|BCE
2,0.5052370088441032,0.5158196806907653,0.7400881057268722,0.6222222222222222,0.9130434782608695,0.62,MLP|BCE
3,0.4586470609619504,0.47533701062202455,0.7636363636363637,0.65625,0.9130434782608695,0.625,MLP|BCE
4,0.439665287733078,0.4653290629386902,0.7623318385650224,0.648854961832061,0.9239130434782609,0.6399999999999999,MLP|BCE
5,0.4136987129847209,0.42548765540122985,0.7623318385650224,0.648854961832061,0.9239130434782609,0.585,MLP|BCE
6,0.38927951029368807,0.4050687670707703,0.7657657657657657,0.6538461538461539,0.9239130434782609,0.5449999999999999,MLP|BCE
7,0.37212808926900226,0.3739450991153717,0.7623318385650224,0.648854961832061,0.9239130434782609,0.5199999999999999,MLP|BCE
8,0.3543235531875065,0.34002788066864015,0.7767857142857143,0.6590909090909091,0.9456521739130435,0.4599999999999999,MLP|BCE
9,0.33412240516571773,0.3364468693733215,0.7798165137614679,0.6746031746031746,0.9239130434782609,0.5399999999999999,MLP|BCE
10,0.31064318191437496,0.31575664281845095,0.7782805429864253,0.6666666666666666,0.9347826086956522,0.5199999999999999,MLP|BCE
11,0.29406938879262834,0.29182002544403074,0.7782805429864253,0.6666666666666666,0.9347826086956522,0.5049999999999999,MLP|BCE
12,0.2759674879766646,0.27856493592262266,0.7782805429864253,0.6666666666666666,0.9347826086956522,0.48999999999999994,MLP|BCE
13,0.2597807092326028,0.2675239235162735,0.7636363636363637,0.65625,0.9130434782608695,0.4649999999999999,MLP|BCE
14,0.2508725431703386,0.247297003865242,0.7706422018348624,0.6666666666666666,0.9130434782608695,0.42999999999999994,MLP|BCE
15,0.2400627164613633,0.23937074542045594,0.7782805429864253,0.6666666666666666,0.9347826086956522,0.4049999999999999,MLP|BCE
16,0.23911139723800479,0.23574753999710082,0.772093023255814,0.6747967479674797,0.9021739130434783,0.43499999999999994,MLP|BCE
17,0.22724722041970208,0.2238000214099884,0.7782805429864253,0.6666666666666666,0.9347826086956522,0.36499999999999994,MLP|BCE
18,0.23307134211063385,0.22030538618564605,0.7892376681614349,0.6717557251908397,0.9565217391304348,0.33999999999999997,MLP|BCE
19,0.20512517506168002,0.21344221234321595,0.7747747747747747,0.6615384615384615,0.9347826086956522,0.32499999999999996,MLP|BCE
20,0.21978681002344405,0.22037228643894197,0.7807017543859649,0.6544117647058824,0.967391304347826,0.38499999999999995,MLP|BCE
21,0.21494799497581663,0.20985425114631653,0.7631578947368421,0.6397058823529411,0.9456521739130435,0.245,MLP|BCE
22,0.20921559844698226,0.21199315488338472,0.7692307692307693,0.6896551724137931,0.8695652173913043,0.4649999999999999,MLP|BCE
23,0.20755539053962344,0.21008065044879914,0.7772511848341233,0.6890756302521008,0.8913043478260869,0.4599999999999999,MLP|BCE
24,0.20297480339095705,0.2066904753446579,0.7798165137614679,0.6746031746031746,0.9239130434782609,0.3549999999999999,MLP|BCE
25,0.2024941345055898,0.21534934043884277,0.7802690582959642,0.6641221374045801,0.9456521739130435,0.35999999999999993,MLP|BCE
26,0.19258781699907213,0.21219494342803955,0.7706422018348624,0.6666666666666666,0.9130434782608695,0.37499999999999994,MLP|BCE
27,0.2001876121475583,0.2082701653242111,0.7830188679245284,0.6916666666666667,0.9021739130434783,0.43999999999999995,MLP|BCE
28,0.19464959275154842,0.2060636579990387,0.7713004484304933,0.6564885496183206,0.9347826086956522,0.32499999999999996,MLP|BCE
29,0.19781048312073662,0.19974940717220308,0.7685185185185185,0.6693548387096774,0.9021739130434783,0.37499999999999994,MLP|BCE
30,0.18863301617758615,0.19379602670669555,0.7699530516431925,0.6776859504132231,0.8913043478260869,0.37999999999999995,MLP|BCE
31,0.18884917738891782,0.19397138953208923,0.7741935483870968,0.672,0.9130434782608695,0.3,MLP|BCE
32,0.19173783773467654,0.20681440830230713,0.7802690582959642,0.6641221374045801,0.9456521739130435,0.3449999999999999,MLP|BCE
33,0.17404698793377196,0.210103377699852,0.7699115044247787,0.6492537313432836,0.9456521739130435,0.30499999999999994,MLP|BCE
34,0.18569965802487873,0.21029992997646332,0.7713004484304933,0.6564885496183206,0.9347826086956522,0.285,MLP|BCE
35,0.18983728828884305,0.20707399845123292,0.7767857142857143,0.6590909090909091,0.9456521739130435,0.27999999999999997,MLP|BCE
36,0.19599747019154684,0.19640481173992158,0.7699115044247787,0.6492537313432836,0.9456521739130435,0.24999999999999994,MLP|BCE
37,0.18097158237582162,0.20555191338062287,0.7565217391304347,0.6304347826086957,0.9456521739130435,0.295,MLP|BCE
38,0.17542919800395057,0.20913905501365662,0.7589285714285714,0.6439393939393939,0.9239130434782609,0.3,MLP|BCE
1,0.5870469808578491,0.5675435900688172,0.7433628318584071,0.6268656716417911,0.9130434782608695,0.585,MLP|BCE + Label Smoothing
2,0.5127814724331811,0.521141916513443,0.7400881057268722,0.6222222222222222,0.9130434782608695,0.61,MLP|BCE + Label Smoothing
3,0.4682110391912006,0.4827370584011078,0.7601809954751131,0.6511627906976745,0.9130434782608695,0.62,MLP|BCE + Label Smoothing
4,0.44965601676986333,0.47337905764579774,0.7623318385650224,0.648854961832061,0.9239130434782609,0.63,MLP|BCE + Label Smoothing
5,0.42510575197991873,0.43339465856552123,0.7636363636363637,0.65625,0.9130434782608695,0.6,MLP|BCE + Label Smoothing
6,0.4017818740436009,0.41507579684257506,0.7665198237885462,0.6444444444444445,0.9456521739130435,0.49999999999999994,MLP|BCE + Label Smoothing
7,0.38615810587292626,0.3869258463382721,0.7623318385650224,0.648854961832061,0.9239130434782609,0.5299999999999999,MLP|BCE + Label Smoothing
8,0.3663303412142254,0.35175042152404784,0.7713004484304933,0.6564885496183206,0.9347826086956522,0.4649999999999999,MLP|BCE + Label Smoothing
9,0.3510154067050843,0.3498068690299988,0.7798165137614679,0.6746031746031746,0.9239130434782609,0.5399999999999999,MLP|BCE + Label Smoothing
10,0.32807350158691406,0.33142555952072145,0.7713004484304933,0.6564885496183206,0.9347826086956522,0.48999999999999994,MLP|BCE + Label Smoothing
11,0.3125824261279333,0.308070969581604,0.7782805429864253,0.6666666666666666,0.9347826086956522,0.49999999999999994,MLP|BCE + Label Smoothing
12,0.2961983120157605,0.29830490946769717,0.7782805429864253,0.6666666666666666,0.9347826086956522,0.4799999999999999,MLP|BCE + Label Smoothing
13,0.28077132006486255,0.2905510187149048,0.7657657657657657,0.6538461538461539,0.9239130434782609,0.4149999999999999,MLP|BCE + Label Smoothing
14,0.2724197606245677,0.27230082750320433,0.7713004484304933,0.6564885496183206,0.9347826086956522,0.37499999999999994,MLP|BCE + Label Smoothing
15,0.26421102739515756,0.27171003818511963,0.7657657657657657,0.6538461538461539,0.9239130434782609,0.37999999999999995,MLP|BCE + Label Smoothing
16,0.26634463384037926,0.2648055136203766,0.7699115044247787,0.6492537313432836,0.9456521739130435,0.36499999999999994,MLP|BCE + Label Smoothing
17,0.25410271755286623,0.25338371098041534,0.7699115044247787,0.6492537313432836,0.9456521739130435,0.33999999999999997,MLP|BCE + Label Smoothing
18,0.2624266913958958,0.2490578442811966,0.7719298245614035,0.6470588235294118,0.9565217391304348,0.31499999999999995,MLP|BCE + Label Smoothing
19,0.23665984045891536,0.24374838173389435,0.7713004484304933,0.6564885496183206,0.9347826086956522,0.3449999999999999,MLP|BCE + Label Smoothing
20,0.2473121349300657,0.24898438155651093,0.7807017543859649,0.6544117647058824,0.967391304347826,0.37499999999999994,MLP|BCE + Label Smoothing
21,0.24527725932143984,0.242624831199646,0.7639484978540773,0.6312056737588653,0.967391304347826,0.20499999999999996,MLP|BCE + Label Smoothing
22,0.2367560380981082,0.24365199208259583,0.7733333333333333,0.6541353383458647,0.9456521739130435,0.32499999999999996,MLP|BCE + Label Smoothing
23,0.2404006173213323,0.2415957421064377,0.7747747747747747,0.6615384615384615,0.9347826086956522,0.38499999999999995,MLP|BCE + Label Smoothing
24,0.2342508321716672,0.23805935680866241,0.7741935483870968,0.672,0.9130434782608695,0.35999999999999993,MLP|BCE + Label Smoothing
25,0.22928856951849802,0.24335626661777496,0.7601809954751131,0.6511627906976745,0.9130434782608695,0.3549999999999999,MLP|BCE + Label Smoothing
26,0.22765895511422837,0.24322267174720763,0.7727272727272727,0.6640625,0.9239130434782609,0.37499999999999994,MLP|BCE + Label Smoothing
27,0.23085824151833853,0.23949215412139893,0.776255707762557,0.6692913385826772,0.9239130434782609,0.36999999999999994,MLP|BCE + Label Smoothing
28,0.2288975538242431,0.23670416474342346,0.7692307692307693,0.6896551724137931,0.8695652173913043,0.49999999999999994,MLP|BCE + Label Smoothing
29,0.23054722802979605,0.23581381440162658,0.7706422018348624,0.6666666666666666,0.9130434782608695,0.3499999999999999,MLP|BCE + Label Smoothing
30,0.22418915870643796,0.2291959911584854,0.7692307692307693,0.6589147286821705,0.9239130434782609,0.33999999999999997,MLP|BCE + Label Smoothing
31,0.22789042123726436,0.2286749631166458,0.7798165137614679,0.6746031746031746,0.9239130434782609,0.3,MLP|BCE + Label Smoothing
32,0.22330785932995023,0.23405669629573822,0.7807017543859649,0.6544117647058824,0.967391304347826,0.295,MLP|BCE + Label Smoothing
33,0.2122375461317244,0.2364594519138336,0.7747747747747747,0.6615384615384615,0.9347826086956522,0.3449999999999999,MLP|BCE + Label Smoothing
34,0.2198364230848494,0.23310815095901488,0.7747747747747747,0.6615384615384615,0.9347826086956522,0.295,MLP|BCE + Label Smoothing
35,0.2234381494067964,0.2319335788488388,0.7782805429864253,0.6666666666666666,0.9347826086956522,0.31499999999999995,MLP|BCE + Label Smoothing
36,0.22905366193680538,0.2238587409257889,0.772093023255814,0.6747967479674797,0.9021739130434783,0.3549999999999999,MLP|BCE + Label Smoothing
37,0.21209573319980077,0.23110122382640838,0.7582938388625592,0.6722689075630253,0.8695652173913043,0.4749999999999999,MLP|BCE + Label Smoothing
38,0.20967050535338266,0.23615872263908386,0.7627906976744186,0.6666666666666666,0.8913043478260869,0.37999999999999995,MLP|BCE + Label Smoothing
39,0.2090875981819062,0.22925077080726625,0.775330396475771,0.6518518518518519,0.9565217391304348,0.3,MLP|BCE + Label Smoothing
40,0.20667321838083721,0.23951907455921173,0.777292576419214,0.6496350364963503,0.967391304347826,0.22499999999999998,MLP|BCE + Label Smoothing
1,0.6870471693220592,0.6397505402565002,0.7477477477477478,0.6384615384615384,0.9021739130434783,0.63,MLP|Weighted BCE
2,0.5689680675665537,0.5570365428924561,0.7413793103448276,0.6142857142857143,0.9347826086956522,0.695,MLP|Weighted BCE
3,0.5100484859375727,0.5132992148399353,0.7636363636363637,0.65625,0.9130434782608695,0.73,MLP|Weighted BCE
4,0.49483410233543035,0.5052624404430389,0.7614678899082569,0.6587301587301587,0.9021739130434783,0.7849999999999999,MLP|Weighted BCE
5,0.46675913674490793,0.4684667706489563,0.7706422018348624,0.6666666666666666,0.9130434782608695,0.735,MLP|Weighted BCE
6,0.44515213937986464,0.45312647223472596,0.7692307692307693,0.6589147286821705,0.9239130434782609,0.6799999999999999,MLP|Weighted BCE
7,0.43280047320184256,0.43197447061538696,0.7636363636363637,0.65625,0.9130434782608695,0.7,MLP|Weighted BCE
8,0.42008399963378906,0.40094068050384524,0.7757009345794392,0.680327868852459,0.9021739130434783,0.6849999999999999,MLP|Weighted BCE
9,0.4046242308048975,0.4091134011745453,0.7777777777777778,0.6774193548387096,0.9130434782608695,0.71,MLP|Weighted BCE
10,0.3892461558183034,0.392859959602356,0.7713004484304933,0.6564885496183206,0.9347826086956522,0.6499999999999999,MLP|Weighted BCE
11,0.3780774658634549,0.3820737600326538,0.7685185185185185,0.6693548387096774,0.9021739130434783,0.74,MLP|Weighted BCE
12,0.36257280054546537,0.37118000388145445,0.776255707762557,0.6692913385826772,0.9239130434782609,0.6799999999999999,MLP|Weighted BCE
13,0.34733456940878005,0.35655933022499087,0.7706422018348624,0.6666666666666666,0.9130434782608695,0.6599999999999999,MLP|Weighted BCE
14,0.34103640346300035,0.33782674074172975,0.7777777777777778,0.6774193548387096,0.9130434782608695,0.69,MLP|Weighted BCE
15,0.32832948792548405,0.3267724871635437,0.7706422018348624,0.6666666666666666,0.9130434782608695,0.61,MLP|Weighted BCE
16,0.33196901707422166,0.32115514278411866,0.7719298245614035,0.6470588235294118,0.9565217391304348,0.5399999999999999,MLP|Weighted BCE
17,0.3123877403281984,0.3099225044250488,0.7802690582959642,0.6641221374045801,0.9456521739130435,0.5549999999999999,MLP|Weighted BCE
18,0.3226881814854486,0.30773154497146604,0.7802690582959642,0.6641221374045801,0.9456521739130435,0.5549999999999999,MLP|Weighted BCE
19,0.29845957670892986,0.30706859827041627,0.7818181818181819,0.671875,0.9347826086956522,0.5499999999999999,MLP|Weighted BCE
20,0.3191656924429394,0.3222687244415283,0.7792207792207793,0.6474820143884892,0.9782608695652174,0.575,MLP|Weighted BCE
21,0.30555512649672373,0.30108165740966797,0.7798165137614679,0.6746031746031746,0.9239130434782609,0.605,MLP|Weighted BCE
22,0.2962959295227414,0.304120147228241,0.7747747747747747,0.6615384615384615,0.9347826086956522,0.595,MLP|Weighted BCE
23,0.29341196375233786,0.2970985293388367,0.7747747747747747,0.6615384615384615,0.9347826086956522,0.615,MLP|Weighted BCE
24,0.2878628678265072,0.29382967948913574,0.7733333333333333,0.6541353383458647,0.9456521739130435,0.5199999999999999,MLP|Weighted BCE
25,0.2787051115717207,0.31097444891929626,0.7818181818181819,0.671875,0.9347826086956522,0.63,MLP|Weighted BCE
26,0.2775383016892842,0.30501076579093933,0.7739130434782608,0.644927536231884,0.967391304347826,0.5099999999999999,MLP|Weighted BCE
27,0.2804469452017829,0.299229633808136,0.7822222222222223,0.6616541353383458,0.9565217391304348,0.595,MLP|Weighted BCE
28,0.2805234882093611,0.2888844907283783,0.7787610619469026,0.6567164179104478,0.9565217391304348,0.5449999999999999,MLP|Weighted BCE
29,0.27359574962229954,0.2876628994941711,0.7692307692307693,0.6896551724137931,0.8695652173913043,0.705,MLP|Weighted BCE
30,0.2726125298511414,0.2813462793827057,0.7818181818181819,0.671875,0.9347826086956522,0.615,MLP|Weighted BCE
31,0.2796262353658676,0.2826898813247681,0.7729468599033816,0.6956521739130435,0.8695652173913043,0.6799999999999999,MLP|Weighted BCE
32,0.2715733682825452,0.2876111030578613,0.7798165137614679,0.6746031746031746,0.9239130434782609,0.625,MLP|Weighted BCE
33,0.25074086160886855,0.2891721069812775,0.7777777777777778,0.6774193548387096,0.9130434782608695,0.615,MLP|Weighted BCE
34,0.25813390669368563,0.2883319020271301,0.7713004484304933,0.6564885496183206,0.9347826086956522,0.49999999999999994,MLP|Weighted BCE
35,0.2655654890196664,0.28629246950149534,0.7798165137614679,0.6746031746031746,0.9239130434782609,0.63,MLP|Weighted BCE
36,0.2940345264616467,0.28023084700107576,0.776255707762557,0.6692913385826772,0.9239130434782609,0.565,MLP|Weighted BCE
37,0.25639766170865014,0.2818839728832245,0.7663551401869159,0.6721311475409836,0.8913043478260869,0.6499999999999999,MLP|Weighted BCE
38,0.24677861162594386,0.28271441757678983,0.7641509433962265,0.675,0.8804347826086957,0.62,MLP|Weighted BCE
39,0.2433902614173435,0.2736813485622406,0.7699115044247787,0.6492537313432836,0.9456521739130435,0.5399999999999999,MLP|Weighted BCE
40,0.23462296632074175,0.2897696018218994,0.7663551401869159,0.6721311475409836,0.8913043478260869,0.6649999999999999,MLP|Weighted BCE
41,0.25072613997118814,0.27335392832756045,0.7663551401869159,0.6721311475409836,0.8913043478260869,0.6449999999999999,MLP|Weighted BCE
42,0.2434540092945099,0.28282281160354616,0.7735849056603774,0.6833333333333333,0.8913043478260869,0.6449999999999999,MLP|Weighted BCE
43,0.2566387468860263,0.28393030166625977,0.7751196172248804,0.6923076923076923,0.8804347826086957,0.6849999999999999,MLP|Weighted BCE
44,0.23784062763055167,0.2724223256111145,0.7679324894514767,0.6275862068965518,0.9891304347826086,0.42499999999999993,MLP|Weighted BCE
45,0.23768982007389977,0.2781498432159424,0.776255707762557,0.6692913385826772,0.9239130434782609,0.6,MLP|Weighted BCE
46,0.23600466265564873,0.27306908667087554,0.7758620689655172,0.6428571428571429,0.9782608695652174,0.37499999999999994,MLP|Weighted BCE
47,0.2330603968529474,0.2742899268865585,0.7705627705627706,0.6402877697841727,0.967391304347826,0.42499999999999993,MLP|Weighted BCE
1,0.7031522024245489,0.655875051021576,0.7477477477477478,0.6384615384615384,0.9021739130434783,0.63,MLP|Weighted BCE + Label Smoothing
2,0.5924093467848641,0.5792139172554016,0.7413793103448276,0.6142857142857143,0.9347826086956522,0.6849999999999999,MLP|Weighted BCE + Label Smoothing
3,0.5374241315183186,0.5381148934364319,0.7623318385650224,0.648854961832061,0.9239130434782609,0.705,MLP|Weighted BCE + Label Smoothing
4,0.5240150988101959,0.5328215003013611,0.7579908675799086,0.6535433070866141,0.9021739130434783,0.7699999999999999,MLP|Weighted BCE + Label Smoothing
5,0.4988573250316438,0.49874444007873536,0.7741935483870968,0.672,0.9130434782608695,0.735,MLP|Weighted BCE + Label Smoothing
6,0.48000435602097286,0.4844444155693054,0.776255707762557,0.6692913385826772,0.9239130434782609,0.6799999999999999,MLP|Weighted BCE + Label Smoothing
7,0.47002636960574556,0.46942240595817564,0.7649769585253456,0.664,0.9021739130434783,0.705,MLP|Weighted BCE + Label Smoothing
8,0.4597720659914471,0.44096229672431947,0.7813953488372093,0.6829268292682927,0.9130434782608695,0.6849999999999999,MLP|Weighted BCE + Label Smoothing
9,0.4452885389328003,0.4475786328315735,0.7777777777777778,0.6774193548387096,0.9130434782608695,0.715,MLP|Weighted BCE + Label Smoothing
10,0.4321539430391221,0.4333425283432007,0.7757009345794392,0.680327868852459,0.9021739130434783,0.73,MLP|Weighted BCE + Label Smoothing
11,0.4247109450045086,0.42511955499649046,0.7692307692307693,0.6589147286821705,0.9239130434782609,0.6799999999999999,MLP|Weighted BCE + Label Smoothing
12,0.41080521259989056,0.41746729612350464,0.7706422018348624,0.6666666666666666,0.9130434782608695,0.71,MLP|Weighted BCE + Label Smoothing
13,0.39747504819007146,0.404626601934433,0.7735849056603774,0.6833333333333333,0.8913043478260869,0.72,MLP|Weighted BCE + Label Smoothing
14,0.39583338016555425,0.39037595987319945,0.7757009345794392,0.680327868852459,0.9021739130434783,0.705,MLP|Weighted BCE + Label Smoothing
15,0.38444837643986657,0.38078753352165223,0.7741935483870968,0.672,0.9130434782608695,0.61,MLP|Weighted BCE + Label Smoothing
16,0.3882049478235699,0.37675994634628296,0.7685185185185185,0.6693548387096774,0.9021739130434783,0.6649999999999999,MLP|Weighted BCE + Label Smoothing
17,0.3740544290769668,0.3714910984039307,0.7706422018348624,0.6666666666666666,0.9130434782608695,0.59,MLP|Weighted BCE + Label Smoothing
18,0.3850708561284201,0.36956111192703245,0.7889908256880734,0.6825396825396826,0.9347826086956522,0.61,MLP|Weighted BCE + Label Smoothing
19,0.3639582452319917,0.36654999256134035,0.7837837837837838,0.6692307692307692,0.9456521739130435,0.5599999999999999,MLP|Weighted BCE + Label Smoothing
20,0.38029895084244864,0.3787116765975952,0.7792207792207793,0.6474820143884892,0.9782608695652174,0.57,MLP|Weighted BCE + Label Smoothing
21,0.3742953638235728,0.3658876597881317,0.7798165137614679,0.6746031746031746,0.9239130434782609,0.595,MLP|Weighted BCE + Label Smoothing
22,0.36244985177403405,0.36938866376876833,0.7741935483870968,0.672,0.9130434782608695,0.6599999999999999,MLP|Weighted BCE + Label Smoothing
23,0.3631706755785715,0.36330811977386473,0.783410138248848,0.68,0.9239130434782609,0.6499999999999999,MLP|Weighted BCE + Label Smoothing
24,0.36200140771411715,0.3614237725734711,0.7747747747747747,0.6615384615384615,0.9347826086956522,0.565,MLP|Weighted BCE + Label Smoothing
25,0.35248186474754695,0.372324937582016,0.775330396475771,0.6518518518518519,0.9565217391304348,0.565,MLP|Weighted BCE + Label Smoothing
26,0.3487324941725958,0.3692388117313385,0.7719298245614035,0.6470588235294118,0.9565217391304348,0.5249999999999999,MLP|Weighted BCE + Label Smoothing
27,0.35324488225437345,0.3651320219039917,0.7798165137614679,0.6746031746031746,0.9239130434782609,0.6399999999999999,MLP|Weighted BCE + Label Smoothing
28,0.35503936949230375,0.3586816132068634,0.776255707762557,0.6692913385826772,0.9239130434782609,0.585,MLP|Weighted BCE + Label Smoothing
29,0.34814968137514024,0.3600148618221283,0.772093023255814,0.6747967479674797,0.9021739130434783,0.6449999999999999,MLP|Weighted BCE + Label Smoothing
30,0.3496901251020886,0.3567253351211548,0.7719298245614035,0.6470588235294118,0.9565217391304348,0.4799999999999999,MLP|Weighted BCE + Label Smoothing
31,0.35445341042109896,0.35741252899169923,0.7705627705627706,0.6402877697841727,0.967391304347826,0.3549999999999999,MLP|Weighted BCE + Label Smoothing
32,0.35293557956105187,0.36115291714668274,0.7793427230046949,0.6859504132231405,0.9021739130434783,0.705,MLP|Weighted BCE + Label Smoothing
33,0.3266337960958481,0.3627764582633972,0.7685589519650655,0.6423357664233577,0.9565217391304348,0.4649999999999999,MLP|Weighted BCE + Label Smoothing
34,0.3367468345732916,0.3636481285095215,0.7735849056603774,0.6833333333333333,0.8913043478260869,0.63,MLP|Weighted BCE + Label Smoothing
35,0.34328338007132214,0.36269659996032716,0.7733333333333333,0.6541353383458647,0.9456521739130435,0.5499999999999999,MLP|Weighted BCE + Label Smoothing
36,0.368462799560456,0.35771424770355226,0.7777777777777778,0.6774193548387096,0.9130434782608695,0.575,MLP|Weighted BCE + Label Smoothing
37,0.3355982970623743,0.35942140221595764,0.7850467289719626,0.6885245901639344,0.9130434782608695,0.6399999999999999,MLP|Weighted BCE + Label Smoothing
38,0.3289875402337029,0.3639978885650635,0.7741935483870968,0.672,0.9130434782608695,0.565,MLP|Weighted BCE + Label Smoothing
1,0.05304240346664474,0.041939538717269895,0.7522935779816514,0.6507936507936508,0.8913043478260869,0.6,MLP|Focal Loss
2,0.04177398660353252,0.036984678357839584,0.751131221719457,0.6434108527131783,0.9021739130434783,0.635,MLP|Focal Loss
3,0.036516630401213966,0.0338602177798748,0.7641509433962265,0.675,0.8804347826086957,0.6649999999999999,MLP|Focal Loss
4,0.034700640787680946,0.03395814448595047,0.7632850241545893,0.6869565217391305,0.8586956521739131,0.71,MLP|Focal Loss
5,0.03356710262596607,0.03129490688443184,0.7685185185185185,0.6693548387096774,0.9021739130434783,0.6549999999999999,MLP|Focal Loss
6,0.03253083622881344,0.030804857984185217,0.7601809954751131,0.6511627906976745,0.9130434782608695,0.635,MLP|Focal Loss
7,0.031649130529591014,0.02980753406882286,0.7641509433962265,0.675,0.8804347826086957,0.6749999999999999,MLP|Focal Loss
8,0.030556079355024156,0.027811263501644135,0.7663551401869159,0.6721311475409836,0.8913043478260869,0.6449999999999999,MLP|Focal Loss
9,0.029872195262994086,0.02848992720246315,0.7636363636363637,0.65625,0.9130434782608695,0.6499999999999999,MLP|Focal Loss
10,0.028993230224365278,0.027657733112573624,0.7757009345794392,0.680327868852459,0.9021739130434783,0.6699999999999999,MLP|Focal Loss
11,0.02840818828415303,0.02756168320775032,0.7685185185185185,0.6693548387096774,0.9021739130434783,0.6649999999999999,MLP|Focal Loss
12,0.027167354932143575,0.02665777876973152,0.7671232876712328,0.6614173228346457,0.9130434782608695,0.6599999999999999,MLP|Focal Loss
13,0.02766410562963713,0.02616579122841358,0.7793427230046949,0.6859504132231405,0.9021739130434783,0.6699999999999999,MLP|Focal Loss
14,0.026338488927909305,0.02513054944574833,0.7677725118483413,0.680672268907563,0.8804347826086957,0.6749999999999999,MLP|Focal Loss
15,0.02561303698236034,0.024753186479210855,0.7735849056603774,0.6833333333333333,0.8913043478260869,0.6649999999999999,MLP|Focal Loss
16,0.025986594990605398,0.024421433359384535,0.772093023255814,0.6747967479674797,0.9021739130434783,0.6549999999999999,MLP|Focal Loss
17,0.025010432959312483,0.02424667589366436,0.7678571428571429,0.6515151515151515,0.9347826086956522,0.61,MLP|Focal Loss
18,0.025351140027244885,0.02425916716456413,0.772093023255814,0.6747967479674797,0.9021739130434783,0.635,MLP|Focal Loss
19,0.024161111297351972,0.024033064767718316,0.7706422018348624,0.6666666666666666,0.9130434782608695,0.63,MLP|Focal Loss
20,0.025738995877050218,0.025001906976103782,0.776255707762557,0.6692913385826772,0.9239130434782609,0.6649999999999999,MLP|Focal Loss
21,0.02456318223405452,0.023717571049928665,0.7657657657657657,0.6538461538461539,0.9239130434782609,0.595,MLP|Focal Loss
22,0.024404515290544146,0.023594688251614572,0.7685185185185185,0.6693548387096774,0.9021739130434783,0.6549999999999999,MLP|Focal Loss
23,0.024031157472303936,0.023313095420598985,0.7853881278538812,0.6771653543307087,0.9347826086956522,0.6399999999999999,MLP|Focal Loss
24,0.02337648728418918,0.02322642095386982,0.7647058823529411,0.6964285714285714,0.8478260869565217,0.6799999999999999,MLP|Focal Loss
25,0.022949838922137304,0.02412714995443821,0.7735849056603774,0.6833333333333333,0.8913043478260869,0.6449999999999999,MLP|Focal Loss
26,0.022847057009736698,0.023492939397692682,0.7665198237885462,0.6444444444444445,0.9456521739130435,0.595,MLP|Focal Loss
27,0.022508293700714905,0.023433685302734375,0.7733333333333333,0.6541353383458647,0.9456521739130435,0.615,MLP|Focal Loss
28,0.022789310930030688,0.023056190088391305,0.7798165137614679,0.6746031746031746,0.9239130434782609,0.63,MLP|Focal Loss
29,0.021992388491829235,0.02250141017138958,0.7641509433962265,0.675,0.8804347826086957,0.6599999999999999,MLP|Focal Loss
30,0.02262567648930209,0.022143108025193214,0.7649769585253456,0.664,0.9021739130434783,0.6399999999999999,MLP|Focal Loss
31,0.023805041575715655,0.02208380587399006,0.7685589519650655,0.6423357664233577,0.9565217391304348,0.5149999999999999,MLP|Focal Loss
32,0.022795693948864937,0.022805440053343774,0.7767857142857143,0.6590909090909091,0.9456521739130435,0.62,MLP|Focal Loss
33,0.0208155894652009,0.022752981260418893,0.7678571428571429,0.6515151515151515,0.9347826086956522,0.605,MLP|Focal Loss
34,0.021448347362734023,0.023129543289542198,0.7830188679245284,0.6916666666666667,0.9021739130434783,0.6399999999999999,MLP|Focal Loss
35,0.021795832596364476,0.022446027398109435,0.7818181818181819,0.671875,0.9347826086956522,0.62,MLP|Focal Loss
36,0.023819699395625366,0.02188144139945507,0.776255707762557,0.6692913385826772,0.9239130434782609,0.62,MLP|Focal Loss
37,0.021682454007012502,0.022417981177568436,0.7830188679245284,0.6916666666666667,0.9021739130434783,0.6799999999999999,MLP|Focal Loss
38,0.020951243028754278,0.0222731601446867,0.7767857142857143,0.6590909090909091,0.9456521739130435,0.59,MLP|Focal Loss
39,0.019828593003607932,0.021519163623452187,0.775330396475771,0.6518518518518519,0.9565217391304348,0.58,MLP|Focal Loss
40,0.019839820540731863,0.022340384870767595,0.777292576419214,0.6496350364963503,0.967391304347826,0.585,MLP|Focal Loss
41,0.020685831129196145,0.022256749123334883,0.7802690582959642,0.6641221374045801,0.9456521739130435,0.625,MLP|Focal Loss
42,0.02085026761605626,0.02359936535358429,0.775330396475771,0.6518518518518519,0.9565217391304348,0.61,MLP|Focal Loss
43,0.021278667219337962,0.022810379043221474,0.7837837837837838,0.6692307692307692,0.9456521739130435,0.615,MLP|Focal Loss
1,0.05301030423669588,0.04216786399483681,0.7534883720930232,0.6585365853658537,0.8804347826086957,0.605,MLP|Focal Loss + Label Smoothing
2,0.041888010643777396,0.03716910630464554,0.7522935779816514,0.6507936507936508,0.8913043478260869,0.6499999999999999,MLP|Focal Loss + Label Smoothing
3,0.03665036858902091,0.03406575173139572,0.7677725118483413,0.680672268907563,0.8804347826086957,0.6749999999999999,MLP|Focal Loss + Label Smoothing
4,0.03481481756482806,0.03405128121376037,0.7609756097560976,0.6902654867256637,0.8478260869565217,0.72,MLP|Focal Loss + Label Smoothing
5,0.033757761120796204,0.031564761698246,0.7641509433962265,0.675,0.8804347826086957,0.6699999999999999,MLP|Focal Loss + Label Smoothing
6,0.03277283330403623,0.030969656258821487,0.7614678899082569,0.6587301587301587,0.9021739130434783,0.6449999999999999,MLP|Focal Loss + Label Smoothing
7,0.031783394338119594,0.029946864768862724,0.7605633802816901,0.6694214876033058,0.8804347826086957,0.6649999999999999,MLP|Focal Loss + Label Smoothing
8,0.030768253707459996,0.028094590082764624,0.7677725118483413,0.680672268907563,0.8804347826086957,0.6549999999999999,MLP|Focal Loss + Label Smoothing
9,0.030153919277446612,0.02857958823442459,0.7671232876712328,0.6614173228346457,0.9130434782608695,0.6549999999999999,MLP|Focal Loss + Label Smoothing
10,0.02929428450408436,0.02792133018374443,0.7798165137614679,0.6746031746031746,0.9239130434782609,0.6499999999999999,MLP|Focal Loss + Label Smoothing
11,0.028653555948819433,0.02760769911110401,0.7692307692307693,0.6589147286821705,0.9239130434782609,0.6499999999999999,MLP|Focal Loss + Label Smoothing
12,0.027283023776752607,0.026628413051366807,0.7741935483870968,0.672,0.9130434782608695,0.6649999999999999,MLP|Focal Loss + Label Smoothing
13,0.027861202756563824,0.026195206493139268,0.7757009345794392,0.680327868852459,0.9021739130434783,0.6599999999999999,MLP|Focal Loss + Label Smoothing
14,0.026409210371119634,0.025238727405667304,0.7699115044247787,0.6492537313432836,0.9456521739130435,0.585,MLP|Focal Loss + Label Smoothing
15,0.026033438919555573,0.024992381408810615,0.7793427230046949,0.6859504132231405,0.9021739130434783,0.6699999999999999,MLP|Focal Loss + Label Smoothing
16,0.026231372374154273,0.02457326017320156,0.7671232876712328,0.6614173228346457,0.9130434782608695,0.6399999999999999,MLP|Focal Loss + Label Smoothing
17,0.02547092221322514,0.024486275389790535,0.7644444444444445,0.6466165413533834,0.9347826086956522,0.59,MLP|Focal Loss + Label Smoothing
18,0.025551025267867816,0.024196051061153412,0.7777777777777778,0.6774193548387096,0.9130434782608695,0.63,MLP|Focal Loss + Label Smoothing
19,0.024393608704918905,0.02385574355721474,0.7798165137614679,0.6746031746031746,0.9239130434782609,0.63,MLP|Focal Loss + Label Smoothing
20,0.025852357259108907,0.025069978833198548,0.776255707762557,0.6692913385826772,0.9239130434782609,0.6599999999999999,MLP|Focal Loss + Label Smoothing
21,0.02466011411022572,0.02418171353638172,0.7623318385650224,0.648854961832061,0.9239130434782609,0.605,MLP|Focal Loss + Label Smoothing
22,0.02487075071604479,0.02435542605817318,0.7685185185185185,0.6693548387096774,0.9021739130434783,0.6649999999999999,MLP|Focal Loss + Label Smoothing
23,0.02444744651161489,0.023503756150603294,0.7747747747747747,0.6615384615384615,0.9347826086956522,0.6399999999999999,MLP|Focal Loss + Label Smoothing
24,0.023760609949628513,0.023503289371728898,0.7678571428571429,0.6515151515151515,0.9347826086956522,0.605,MLP|Focal Loss + Label Smoothing
25,0.023096633986348196,0.024203145131468772,0.7649769585253456,0.664,0.9021739130434783,0.635,MLP|Focal Loss + Label Smoothing
26,0.023290105784932773,0.023681400716304778,0.7767857142857143,0.6590909090909091,0.9456521739130435,0.615,MLP|Focal Loss + Label Smoothing
27,0.02270565235189029,0.023435290530323984,0.7802690582959642,0.6641221374045801,0.9456521739130435,0.62,MLP|Focal Loss + Label Smoothing
28,0.02273790325437273,0.023367751389741898,0.7739130434782608,0.644927536231884,0.967391304347826,0.575,MLP|Focal Loss + Label Smoothing
29,0.02255312300154141,0.02274242639541626,0.7619047619047619,0.6779661016949152,0.8695652173913043,0.6749999999999999,MLP|Focal Loss + Label Smoothing
30,0.023197474357272898,0.022363802790641783,0.7641509433962265,0.675,0.8804347826086957,0.6599999999999999,MLP|Focal Loss + Label Smoothing
31,0.023949217139965014,0.022626710683107377,0.7665198237885462,0.6444444444444445,0.9456521739130435,0.5599999999999999,MLP|Focal Loss + Label Smoothing
32,0.022709703871182034,0.02310951203107834,0.7782805429864253,0.6666666666666666,0.9347826086956522,0.62,MLP|Focal Loss + Label Smoothing
33,0.021256010225486188,0.02325068935751915,0.7665198237885462,0.6444444444444445,0.9456521739130435,0.565,MLP|Focal Loss + Label Smoothing
34,0.02181803359694424,0.023259665444493295,0.7867298578199052,0.6974789915966386,0.9021739130434783,0.6499999999999999,MLP|Focal Loss + Label Smoothing
35,0.02224714681506157,0.022714624553918837,0.7837837837837838,0.6692307692307692,0.9456521739130435,0.62,MLP|Focal Loss + Label Smoothing
36,0.02445644565990993,0.022226529940962792,0.7813953488372093,0.6829268292682927,0.9130434782608695,0.635,MLP|Focal Loss + Label Smoothing
37,0.022424993859160514,0.022726919129490854,0.780952380952381,0.6949152542372882,0.8913043478260869,0.6849999999999999,MLP|Focal Loss + Label Smoothing
38,0.021454644699891407,0.022637872770428658,0.7747747747747747,0.6615384615384615,0.9347826086956522,0.6,MLP|Focal Loss + Label Smoothing
39,0.020268368313000315,0.02227076664566994,0.7739130434782608,0.644927536231884,0.967391304347826,0.5449999999999999,MLP|Focal Loss + Label Smoothing
40,0.020321764805842014,0.023068736121058465,0.7719298245614035,0.6470588235294118,0.9565217391304348,0.5599999999999999,MLP|Focal Loss + Label Smoothing
41,0.020775543791907176,0.023088612034916876,0.7699115044247787,0.6492537313432836,0.9456521739130435,0.585,MLP|Focal Loss + Label Smoothing
42,0.02100213182469209,0.024143382906913757,0.7652173913043478,0.6376811594202898,0.9565217391304348,0.6,MLP|Focal Loss + Label Smoothing
43,0.021482761949300766,0.02369338385760784,0.7818181818181819,0.671875,0.9347826086956522,0.61,MLP|Focal Loss + Label Smoothing
44,0.020899210479997453,0.022212427109479904,0.7741935483870968,0.672,0.9130434782608695,0.6449999999999999,MLP|Focal Loss + Label Smoothing
45,0.020279613013068836,0.021929190680384635,0.7802690582959642,0.6641221374045801,0.9456521739130435,0.615,MLP|Focal Loss + Label Smoothing
46,0.019662897324278242,0.02182004563510418,0.7636363636363637,0.65625,0.9130434782608695,0.59,MLP|Focal Loss + Label Smoothing
47,0.02018538818118118,0.021712430566549302,0.7679324894514767,0.6275862068965518,0.9891304347826086,0.5249999999999999,MLP|Focal Loss + Label Smoothing
48,0.0189753444421859,0.021597177162766455,0.7685185185185185,0.6693548387096774,0.9021739130434783,0.625,MLP|Focal Loss + Label Smoothing
49,0.020959265973596347,0.021076646447181702,0.7860262008733624,0.656934306569343,0.9782608695652174,0.605,MLP|Focal Loss + Label Smoothing
50,0.021149057362760817,0.020848294720053673,0.7798165137614679,0.6746031746031746,0.9239130434782609,0.605,MLP|Focal Loss + Label Smoothing
51,0.020842361884812515,0.02170817628502846,0.7711864406779662,0.6319444444444444,0.9891304347826086,0.5499999999999999,MLP|Focal Loss + Label Smoothing
52,0.019961963895530926,0.02174077704548836,0.7739130434782608,0.644927536231884,0.967391304347826,0.5449999999999999,MLP|Focal Loss + Label Smoothing
53,0.02010202771496205,0.021873872354626657,0.7739130434782608,0.644927536231884,0.967391304347826,0.5349999999999999,MLP|Focal Loss + Label Smoothing
54,0.020011173073379768,0.021853847429156303,0.7692307692307693,0.6338028169014085,0.9782608695652174,0.5499999999999999,MLP|Focal Loss + Label Smoothing
1,0.38388821482658386,0.24595301747322082,0.7368421052631579,0.6581196581196581,0.8369565217391305,0.36999999999999994,FTTransformer|BCE
2,0.24724865882169633,0.18795312345027923,0.7772511848341233,0.6890756302521008,0.8913043478260869,0.41999999999999993,FTTransformer|BCE
3,0.20051667874767667,0.17725908756256104,0.7884615384615384,0.7068965517241379,0.8913043478260869,0.6649999999999999,FTTransformer|BCE
4,0.19669824341932932,0.18171607255935668,0.7945205479452054,0.6850393700787402,0.9456521739130435,0.6799999999999999,FTTransformer|BCE
5,0.19971964224463418,0.17282044589519502,0.794392523364486,0.6967213114754098,0.9239130434782609,0.29,FTTransformer|BCE
6,0.2008566835096904,0.1689008057117462,0.8038277511961722,0.717948717948718,0.9130434782608695,0.6749999999999999,FTTransformer|BCE
7,0.19644357476915633,0.1669697046279907,0.8038277511961722,0.717948717948718,0.9130434782608695,0.695,FTTransformer|BCE
8,0.19119899755432493,0.17080021202564238,0.8038277511961722,0.717948717948718,0.9130434782608695,0.71,FTTransformer|BCE
9,0.18061707701001847,0.17450752407312392,0.794392523364486,0.6967213114754098,0.9239130434782609,0.27499999999999997,FTTransformer|BCE
10,0.193789681153638,0.1607151597738266,0.8148148148148148,0.7096774193548387,0.9565217391304348,0.625,FTTransformer|BCE
11,0.1889503843017987,0.16517897546291352,0.8127853881278538,0.7007874015748031,0.967391304347826,0.5449999999999999,FTTransformer|BCE
12,0.17797629570677168,0.16101469695568085,0.8073394495412844,0.6984126984126984,0.9565217391304348,0.4699999999999999,FTTransformer|BCE
13,0.1812369255792527,0.16812321543693542,0.8113207547169812,0.7166666666666667,0.9347826086956522,0.6849999999999999,FTTransformer|BCE
14,0.18206346886498587,0.16529056131839753,0.8127853881278538,0.7007874015748031,0.967391304347826,0.5499999999999999,FTTransformer|BCE
15,0.18067772402649834,0.15794533491134644,0.8073394495412844,0.6984126984126984,0.9565217391304348,0.5099999999999999,FTTransformer|BCE
16,0.17260566105445227,0.16708783358335494,0.8110599078341014,0.704,0.9565217391304348,0.63,FTTransformer|BCE
17,0.1734202117437408,0.1572867900133133,0.8144796380090498,0.6976744186046512,0.9782608695652174,0.5349999999999999,FTTransformer|BCE
18,0.17429656145118533,0.15339219570159912,0.8108108108108109,0.6923076923076923,0.9782608695652174,0.30499999999999994,FTTransformer|BCE
19,0.1674022756162144,0.1576949894428253,0.801762114537445,0.674074074074074,0.9891304347826086,0.26499999999999996,FTTransformer|BCE
20,0.18050030867258707,0.16277615129947662,0.8144796380090498,0.6976744186046512,0.9782608695652174,0.5299999999999999,FTTransformer|BCE
21,0.17260871827602386,0.1549345999956131,0.8093023255813954,0.7073170731707317,0.9456521739130435,0.58,FTTransformer|BCE
22,0.1700708596479325,0.15986111760139465,0.8054298642533937,0.689922480620155,0.967391304347826,0.20499999999999996,FTTransformer|BCE
23,0.1664456402262052,0.155575168132782,0.8075117370892019,0.7107438016528925,0.9347826086956522,0.5049999999999999,FTTransformer|BCE
24,0.17127236191715514,0.16493895053863525,0.8095238095238095,0.7203389830508474,0.9239130434782609,0.6,FTTransformer|BCE
25,0.17524073947043645,0.15911052525043487,0.8093023255813954,0.7073170731707317,0.9456521739130435,0.62,FTTransformer|BCE
26,0.1734383191381182,0.15415363609790803,0.8110599078341014,0.704,0.9565217391304348,0.5249999999999999,FTTransformer|BCE
27,0.16994328654947735,0.15693134367465972,0.8181818181818182,0.703125,0.9782608695652174,0.6449999999999999,FTTransformer|BCE
28,0.16851647872300374,0.1523429960012436,0.8090909090909091,0.6953125,0.967391304347826,0.565,FTTransformer|BCE
29,0.15923587942407244,0.15255395472049713,0.8141592920353983,0.6865671641791045,1.0,0.24999999999999994,FTTransformer|BCE
30,0.1643544996068591,0.14874083399772645,0.8181818181818182,0.703125,0.9782608695652174,0.42999999999999994,FTTransformer|BCE
31,0.1635819183928626,0.15425146818161012,0.8073394495412844,0.6984126984126984,0.9565217391304348,0.5249999999999999,FTTransformer|BCE
32,0.1544220805877731,0.15931979715824127,0.8127853881278538,0.7007874015748031,0.967391304347826,0.605,FTTransformer|BCE
33,0.1601333955214137,0.15358227193355561,0.8093023255813954,0.7073170731707317,0.9456521739130435,0.5299999999999999,FTTransformer|BCE
34,0.1586363741329738,0.15715819001197814,0.8071748878923767,0.6870229007633588,0.9782608695652174,0.4499999999999999,FTTransformer|BCE
35,0.15785617594208037,0.15644265413284303,0.8127853881278538,0.7007874015748031,0.967391304347826,0.635,FTTransformer|BCE
36,0.16701527862321763,0.16155666708946229,0.8141592920353983,0.6865671641791045,1.0,0.5449999999999999,FTTransformer|BCE
37,0.15869511167208353,0.15198872983455658,0.8144796380090498,0.6976744186046512,0.9782608695652174,0.48999999999999994,FTTransformer|BCE
38,0.15391527719440914,0.15416266024112701,0.8161434977578476,0.6946564885496184,0.9891304347826086,0.4599999999999999,FTTransformer|BCE
39,0.1515502468461082,0.182757431268692,0.8,0.6766917293233082,0.9782608695652174,0.05,FTTransformer|BCE
40,0.14906515411677815,0.1591184616088867,0.8144796380090498,0.6976744186046512,0.9782608695652174,0.5049999999999999,FTTransformer|BCE
41,0.1566748913554918,0.15761877000331878,0.8148148148148148,0.7096774193548387,0.9565217391304348,0.4599999999999999,FTTransformer|BCE
42,0.14702138943331583,0.1606697231531143,0.8130841121495327,0.7131147540983607,0.9456521739130435,0.49499999999999994,FTTransformer|BCE
43,0.14691159200100673,0.16046409606933593,0.8165137614678899,0.7063492063492064,0.967391304347826,0.5199999999999999,FTTransformer|BCE
44,0.14936727924006327,0.16441304087638856,0.8127853881278538,0.7007874015748031,0.967391304347826,0.595,FTTransformer|BCE
45,0.1538125521370343,0.1595480114221573,0.8071748878923767,0.6870229007633588,0.9782608695652174,0.4749999999999999,FTTransformer|BCE
46,0.1561459299354326,0.1703776776790619,0.8054298642533937,0.689922480620155,0.967391304347826,0.5549999999999999,FTTransformer|BCE
47,0.15659229421899432,0.1606728434562683,0.8127853881278538,0.7007874015748031,0.967391304347826,0.635,FTTransformer|BCE
1,0.39536895070757183,0.2674955755472183,0.7368421052631579,0.6581196581196581,0.8369565217391305,0.3999999999999999,FTTransformer|BCE + Label Smoothing
2,0.27171683453378226,0.22060392200946807,0.7706422018348624,0.6666666666666666,0.9130434782608695,0.3449999999999999,FTTransformer|BCE + Label Smoothing
3,0.23238032346680051,0.2140674352645874,0.7884615384615384,0.7068965517241379,0.8913043478260869,0.6649999999999999,FTTransformer|BCE + Label Smoothing
4,0.23035135794253575,0.21296772062778474,0.7945205479452054,0.6850393700787402,0.9456521739130435,0.6549999999999999,FTTransformer|BCE + Label Smoothing
5,0.2322413289830798,0.20968424379825593,0.7909090909090909,0.6796875,0.9456521739130435,0.16499999999999998,FTTransformer|BCE + Label Smoothing
6,0.23414646089076996,0.20648446679115295,0.8,0.711864406779661,0.9130434782608695,0.6699999999999999,FTTransformer|BCE + Label Smoothing
7,0.22969164380005427,0.20503391027450563,0.8055555555555556,0.7016129032258065,0.9456521739130435,0.635,FTTransformer|BCE + Label Smoothing
8,0.2257881462574005,0.2108546793460846,0.7982062780269058,0.6793893129770993,0.967391304347826,0.5449999999999999,FTTransformer|BCE + Label Smoothing
9,0.2204305593456541,0.2080450475215912,0.8018433179723502,0.696,0.9456521739130435,0.32999999999999996,FTTransformer|BCE + Label Smoothing
10,0.2279873944464184,0.20128042995929718,0.8055555555555556,0.7016129032258065,0.9456521739130435,0.5549999999999999,FTTransformer|BCE + Label Smoothing
11,0.2241065636986778,0.2032085746526718,0.8093023255813954,0.7073170731707317,0.9456521739130435,0.59,FTTransformer|BCE + Label Smoothing
12,0.21524815261363983,0.20739662647247314,0.8075117370892019,0.7107438016528925,0.9347826086956522,0.49999999999999994,FTTransformer|BCE + Label Smoothing
13,0.21907529731591543,0.20186685025691986,0.8130841121495327,0.7131147540983607,0.9456521739130435,0.6649999999999999,FTTransformer|BCE + Label Smoothing
14,0.21794546147187552,0.20274723768234254,0.8055555555555556,0.7016129032258065,0.9456521739130435,0.58,FTTransformer|BCE + Label Smoothing
15,0.22139028991971696,0.20173681676387786,0.8110599078341014,0.704,0.9565217391304348,0.565,FTTransformer|BCE + Label Smoothing
16,0.2128440241018931,0.20624835789203644,0.801762114537445,0.674074074074074,0.9891304347826086,0.3999999999999999,FTTransformer|BCE + Label Smoothing
17,0.21464253252460844,0.2011927157640457,0.8108108108108109,0.6923076923076923,0.9782608695652174,0.41999999999999993,FTTransformer|BCE + Label Smoothing
18,0.2167863136246091,0.19888941943645477,0.8088888888888889,0.6842105263157895,0.9891304347826086,0.19,FTTransformer|BCE + Label Smoothing
19,0.2071616585765566,0.20592834055423737,0.7963800904977375,0.6821705426356589,0.9565217391304348,0.42499999999999993,FTTransformer|BCE + Label Smoothing
20,0.2168939056850615,0.2043358266353607,0.8090909090909091,0.6953125,0.967391304347826,0.565,FTTransformer|BCE + Label Smoothing
21,0.2144057580402919,0.1967494696378708,0.8093023255813954,0.7073170731707317,0.9456521739130435,0.585,FTTransformer|BCE + Label Smoothing
22,0.2096792282093139,0.20330904722213744,0.8071748878923767,0.6870229007633588,0.9782608695652174,0.075,FTTransformer|BCE + Label Smoothing
23,0.20828171145348323,0.19783028066158295,0.8108108108108109,0.6923076923076923,0.9782608695652174,0.30499999999999994,FTTransformer|BCE + Label Smoothing
24,0.2134658247232437,0.20283866822719573,0.794392523364486,0.6967213114754098,0.9239130434782609,0.42999999999999994,FTTransformer|BCE + Label Smoothing
25,0.21717976814224607,0.2031955599784851,0.8073394495412844,0.6984126984126984,0.9565217391304348,0.49499999999999994,FTTransformer|BCE + Label Smoothing
26,0.22083209525971187,0.19605811834335327,0.8127853881278538,0.7007874015748031,0.967391304347826,0.5349999999999999,FTTransformer|BCE + Label Smoothing
27,0.2115978499253591,0.19905649721622468,0.8165137614678899,0.7063492063492064,0.967391304347826,0.62,FTTransformer|BCE + Label Smoothing
28,0.21120827325752803,0.1954759031534195,0.8108108108108109,0.6923076923076923,0.9782608695652174,0.4499999999999999,FTTransformer|BCE + Label Smoothing
29,0.20500517246269045,0.203639617562294,0.8127853881278538,0.7007874015748031,0.967391304347826,0.6549999999999999,FTTransformer|BCE + Label Smoothing
30,0.2040319201492128,0.2020315408706665,0.8034934497816594,0.6715328467153284,1.0,0.37499999999999994,FTTransformer|BCE + Label Smoothing
31,0.20475571283272334,0.19963825047016143,0.8035714285714286,0.6818181818181818,0.9782608695652174,0.24,FTTransformer|BCE + Label Smoothing
32,0.20372008142017184,0.20202090144157409,0.8054298642533937,0.689922480620155,0.967391304347826,0.43499999999999994,FTTransformer|BCE + Label Smoothing
33,0.20467894772688547,0.19907723367214203,0.8110599078341014,0.704,0.9565217391304348,0.43999999999999995,FTTransformer|BCE + Label Smoothing
34,0.20369130160127366,0.19662489891052246,0.8198198198198198,0.7,0.9891304347826086,0.4599999999999999,FTTransformer|BCE + Label Smoothing
35,0.20586846272150675,0.19846698343753816,0.8235294117647058,0.7054263565891473,0.9891304347826086,0.5599999999999999,FTTransformer|BCE + Label Smoothing
36,0.20095922265733993,0.19797101616859436,0.8240740740740741,0.717741935483871,0.967391304347826,0.6399999999999999,FTTransformer|BCE + Label Smoothing
37,0.1969615440993082,0.20178196728229522,0.8127853881278538,0.7007874015748031,0.967391304347826,0.3449999999999999,FTTransformer|BCE + Label Smoothing
38,0.19515979148092724,0.19650603830814362,0.8169014084507042,0.71900826446281,0.9456521739130435,0.605,FTTransformer|BCE + Label Smoothing
39,0.19362830548059373,0.20364727973937988,0.8177777777777778,0.6917293233082706,1.0,0.065,FTTransformer|BCE + Label Smoothing
40,0.19456962637958072,0.1981606125831604,0.8108108108108109,0.6923076923076923,0.9782608695652174,0.5149999999999999,FTTransformer|BCE + Label Smoothing
41,0.2049072583516439,0.1978444427251816,0.8240740740740741,0.717741935483871,0.967391304347826,0.635,FTTransformer|BCE + Label Smoothing
42,0.19434902178389685,0.19433720111846925,0.8161434977578476,0.6946564885496184,0.9891304347826086,0.36499999999999994,FTTransformer|BCE + Label Smoothing
43,0.1986957632360004,0.2001519978046417,0.8127853881278538,0.7007874015748031,0.967391304347826,0.5199999999999999,FTTransformer|BCE + Label Smoothing
44,0.1977990163224084,0.20409865975379943,0.8088888888888889,0.6842105263157895,0.9891304347826086,0.48999999999999994,FTTransformer|BCE + Label Smoothing
45,0.20010054892017728,0.19845114946365355,0.8110599078341014,0.704,0.9565217391304348,0.5599999999999999,FTTransformer|BCE + Label Smoothing
46,0.20198561251163483,0.197401025891304,0.8240740740740741,0.717741935483871,0.967391304347826,0.5549999999999999,FTTransformer|BCE + Label Smoothing
47,0.19883527855078378,0.19792421162128448,0.8235294117647058,0.7054263565891473,0.9891304347826086,0.4699999999999999,FTTransformer|BCE + Label Smoothing
48,0.20104658426273436,0.2160375416278839,0.783410138248848,0.68,0.9239130434782609,0.39499999999999996,FTTransformer|BCE + Label Smoothing
49,0.19569469207809084,0.19991473257541656,0.8186046511627907,0.7154471544715447,0.9565217391304348,0.615,FTTransformer|BCE + Label Smoothing
50,0.1969039181158656,0.20042664408683777,0.8151658767772512,0.7226890756302521,0.9347826086956522,0.6449999999999999,FTTransformer|BCE + Label Smoothing
51,0.19067690344083876,0.2032991498708725,0.8113207547169812,0.7166666666666667,0.9347826086956522,0.6649999999999999,FTTransformer|BCE + Label Smoothing
52,0.19826728318418776,0.18889987468719482,0.8235294117647058,0.7054263565891473,0.9891304347826086,0.3499999999999999,FTTransformer|BCE + Label Smoothing
53,0.1915191731282643,0.1930944412946701,0.8214285714285714,0.696969696969697,1.0,0.095,FTTransformer|BCE + Label Smoothing
54,0.19756655678862617,0.19824220538139342,0.8202764976958525,0.712,0.967391304347826,0.24999999999999994,FTTransformer|BCE + Label Smoothing
55,0.19723971684773764,0.19799156486988068,0.8125,0.6893939393939394,0.9891304347826086,0.4649999999999999,FTTransformer|BCE + Label Smoothing
56,0.19364861363456362,0.20092217922210692,0.8055555555555556,0.7016129032258065,0.9456521739130435,0.58,FTTransformer|BCE + Label Smoothing
1,0.5342349438440233,0.42274696826934816,0.7545454545454545,0.6484375,0.9021739130434783,0.09999999999999999,FTTransformer|Weighted BCE
2,0.3790077169736226,0.2805815011262894,0.7751196172248804,0.6923076923076923,0.8804347826086957,0.6599999999999999,FTTransformer|Weighted BCE
3,0.31155704990738914,0.2860661715269089,0.783410138248848,0.68,0.9239130434782609,0.82,FTTransformer|Weighted BCE
4,0.30662824355420615,0.28094375133514404,0.7924528301886793,0.7,0.9130434782608695,0.8699999999999999,FTTransformer|Weighted BCE
5,0.3043303418727148,0.25828583240509034,0.7906976744186046,0.6910569105691057,0.9239130434782609,0.6549999999999999,FTTransformer|Weighted BCE
6,0.3042336056629817,0.2547964185476303,0.8036529680365296,0.6929133858267716,0.9565217391304348,0.6799999999999999,FTTransformer|Weighted BCE
7,0.3119779243355706,0.2546326607465744,0.8036529680365296,0.6929133858267716,0.9565217391304348,0.7649999999999999,FTTransformer|Weighted BCE
8,0.29040213780743734,0.25119118988513944,0.8036529680365296,0.6929133858267716,0.9565217391304348,0.7649999999999999,FTTransformer|Weighted BCE
9,0.27207611430258977,0.24577557444572448,0.7981220657276995,0.7024793388429752,0.9239130434782609,0.695,FTTransformer|Weighted BCE
10,0.2856922142562412,0.23899806141853333,0.8055555555555556,0.7016129032258065,0.9456521739130435,0.7549999999999999,FTTransformer|Weighted BCE
11,0.2829647206124805,0.24468264281749724,0.8073394495412844,0.6984126984126984,0.9565217391304348,0.6649999999999999,FTTransformer|Weighted BCE
12,0.26678341981910525,0.23789909183979036,0.8095238095238095,0.7203389830508474,0.9239130434782609,0.82,FTTransformer|Weighted BCE
13,0.2638349412452607,0.25188215970993044,0.8169014084507042,0.71900826446281,0.9456521739130435,0.8499999999999999,FTTransformer|Weighted BCE
14,0.26647343876815976,0.25926334857940675,0.8110599078341014,0.704,0.9565217391304348,0.845,FTTransformer|Weighted BCE
15,0.2687298208475113,0.23389555513858795,0.8127853881278538,0.7007874015748031,0.967391304347826,0.71,FTTransformer|Weighted BCE
16,0.24450925985972086,0.2305262416601181,0.7980295566502463,0.7297297297297297,0.8804347826086957,0.83,FTTransformer|Weighted BCE
17,0.25594635236830937,0.2383890151977539,0.8181818181818182,0.703125,0.9782608695652174,0.7849999999999999,FTTransformer|Weighted BCE
18,0.2518228299561001,0.21727316975593566,0.8093023255813954,0.7073170731707317,0.9456521739130435,0.7549999999999999,FTTransformer|Weighted BCE
19,0.2491499980290731,0.22342698872089387,0.8071748878923767,0.6870229007633588,0.9782608695652174,0.5599999999999999,FTTransformer|Weighted BCE
20,0.250104383343742,0.22113547325134278,0.8161434977578476,0.6946564885496184,0.9891304347826086,0.565,FTTransformer|Weighted BCE
21,0.24993903225376493,0.2297133684158325,0.8186046511627907,0.7154471544715447,0.9565217391304348,0.7699999999999999,FTTransformer|Weighted BCE
22,0.2449219333274024,0.21792129278182984,0.8256880733944955,0.7142857142857143,0.9782608695652174,0.595,FTTransformer|Weighted BCE
23,0.24437767409142994,0.21199216246604918,0.8161434977578476,0.6946564885496184,0.9891304347826086,0.5299999999999999,FTTransformer|Weighted BCE
24,0.23390086775734312,0.22887462079524995,0.8161434977578476,0.6946564885496184,0.9891304347826086,0.705,FTTransformer|Weighted BCE
25,0.25216307313669295,0.22584379017353057,0.8127853881278538,0.7007874015748031,0.967391304347826,0.72,FTTransformer|Weighted BCE
26,0.24855968143258775,0.22371312081813813,0.821917808219178,0.7086614173228346,0.9782608695652174,0.8049999999999999,FTTransformer|Weighted BCE
27,0.2356510219119844,0.21299128532409667,0.8186046511627907,0.7154471544715447,0.9565217391304348,0.8099999999999999,FTTransformer|Weighted BCE
28,0.24662984765711285,0.22839061617851258,0.8161434977578476,0.6946564885496184,0.9891304347826086,0.6699999999999999,FTTransformer|Weighted BCE
29,0.24198738450095766,0.238569438457489,0.8056872037914692,0.7142857142857143,0.9239130434782609,0.7949999999999999,FTTransformer|Weighted BCE
30,0.24208924316224598,0.23181780874729158,0.8181818181818182,0.703125,0.9782608695652174,0.7949999999999999,FTTransformer|Weighted BCE
31,0.24251931267125265,0.22833763360977172,0.8181818181818182,0.703125,0.9782608695652174,0.71,FTTransformer|Weighted BCE
32,0.22929737184728896,0.22211388051509856,0.8110599078341014,0.704,0.9565217391304348,0.7999999999999999,FTTransformer|Weighted BCE
33,0.235406423608462,0.21572341918945312,0.8186046511627907,0.7154471544715447,0.9565217391304348,0.7999999999999999,FTTransformer|Weighted BCE
34,0.2295835656779153,0.21677640676498414,0.8214285714285714,0.696969696969697,1.0,0.71,FTTransformer|Weighted BCE
35,0.22418908136231558,0.20760432183742522,0.8214285714285714,0.696969696969697,1.0,0.575,FTTransformer|Weighted BCE
36,0.23145646566436404,0.2399671643972397,0.8186046511627907,0.7154471544715447,0.9565217391304348,0.7849999999999999,FTTransformer|Weighted BCE
37,0.23148435850938162,0.21667892932891847,0.8125,0.6893939393939394,0.9891304347826086,0.565,FTTransformer|Weighted BCE
38,0.23436046001457034,0.2199816048145294,0.8161434977578476,0.6946564885496184,0.9891304347826086,0.73,FTTransformer|Weighted BCE
39,0.22844257454077402,0.2126842260360718,0.821917808219178,0.7086614173228346,0.9782608695652174,0.7699999999999999,FTTransformer|Weighted BCE
40,0.21643953158387116,0.22973126471042632,0.8251121076233184,0.7022900763358778,1.0,0.7799999999999999,FTTransformer|Weighted BCE
41,0.239865671311106,0.21129710078239441,0.8256880733944955,0.7142857142857143,0.9782608695652174,0.7699999999999999,FTTransformer|Weighted BCE
42,0.21471881795497166,0.21366483569145203,0.821917808219178,0.7086614173228346,0.9782608695652174,0.7649999999999999,FTTransformer|Weighted BCE
1,0.5635821549665361,0.4752799391746521,0.751131221719457,0.6434108527131783,0.9021739130434783,0.10999999999999999,FTTransformer|Weighted BCE + Label Smoothing
2,0.43445701826186406,0.3524896681308746,0.7729468599033816,0.6956521739130435,0.8695652173913043,0.6749999999999999,FTTransformer|Weighted BCE + Label Smoothing
3,0.37719819304488955,0.3573367714881897,0.780952380952381,0.6949152542372882,0.8913043478260869,0.84,FTTransformer|Weighted BCE + Label Smoothing
4,0.3744651064986274,0.3533499240875244,0.7909090909090909,0.6796875,0.9456521739130435,0.825,FTTransformer|Weighted BCE + Label Smoothing
5,0.37418659102349056,0.33606996536254885,0.7909090909090909,0.6796875,0.9456521739130435,0.5249999999999999,FTTransformer|Weighted BCE + Label Smoothing
6,0.37628491151900517,0.3404639422893524,0.8073394495412844,0.6984126984126984,0.9565217391304348,0.815,FTTransformer|Weighted BCE + Label Smoothing
7,0.3733636765252976,0.32966773509979247,0.8073394495412844,0.6984126984126984,0.9565217391304348,0.63,FTTransformer|Weighted BCE + Label Smoothing
8,0.36523784626097905,0.3359456181526184,0.7946428571428571,0.6742424242424242,0.967391304347826,0.615,FTTransformer|Weighted BCE + Label Smoothing
9,0.3549594105709167,0.3304826498031616,0.7924528301886793,0.7,0.9130434782608695,0.7749999999999999,FTTransformer|Weighted BCE + Label Smoothing
10,0.36572115478061495,0.3260564267635345,0.8055555555555556,0.7016129032258065,0.9456521739130435,0.74,FTTransformer|Weighted BCE + Label Smoothing
11,0.3598899699392773,0.32477196455001833,0.8110599078341014,0.704,0.9565217391304348,0.715,FTTransformer|Weighted BCE + Label Smoothing
12,0.34706171566531774,0.3224269449710846,0.8075117370892019,0.7107438016528925,0.9347826086956522,0.7849999999999999,FTTransformer|Weighted BCE + Label Smoothing
13,0.344833044778733,0.3409242630004883,0.8130841121495327,0.7131147540983607,0.9456521739130435,0.8499999999999999,FTTransformer|Weighted BCE + Label Smoothing
14,0.3524864003771827,0.33478179574012756,0.8144796380090498,0.6976744186046512,0.9782608695652174,0.7449999999999999,FTTransformer|Weighted BCE + Label Smoothing
15,0.35179248736018226,0.3196666777133942,0.8144796380090498,0.6976744186046512,0.9782608695652174,0.69,FTTransformer|Weighted BCE + Label Smoothing
16,0.3351220999445234,0.3158693253993988,0.8053097345132744,0.6791044776119403,0.9891304347826086,0.5599999999999999,FTTransformer|Weighted BCE + Label Smoothing
17,0.3420506488709223,0.316959023475647,0.8110599078341014,0.704,0.9565217391304348,0.7949999999999999,FTTransformer|Weighted BCE + Label Smoothing
18,0.33480860718658995,0.31026196479797363,0.8075117370892019,0.7107438016528925,0.9347826086956522,0.7849999999999999,FTTransformer|Weighted BCE + Label Smoothing
19,0.3362867959908077,0.31705521941185,0.8181818181818182,0.703125,0.9782608695652174,0.6699999999999999,FTTransformer|Weighted BCE + Label Smoothing
20,0.3528049105689639,0.3127619743347168,0.8073394495412844,0.6984126984126984,0.9565217391304348,0.5499999999999999,FTTransformer|Weighted BCE + Label Smoothing
21,0.3364587255886623,0.31419694423675537,0.8130841121495327,0.7131147540983607,0.9456521739130435,0.735,FTTransformer|Weighted BCE + Label Smoothing
22,0.34168688314301626,0.3034262716770172,0.8165137614678899,0.7063492063492064,0.967391304347826,0.6449999999999999,FTTransformer|Weighted BCE + Label Smoothing
23,0.329984092996234,0.30890730023384094,0.8075117370892019,0.7107438016528925,0.9347826086956522,0.7799999999999999,FTTransformer|Weighted BCE + Label Smoothing
24,0.32537378796509336,0.3181887984275818,0.8130841121495327,0.7131147540983607,0.9456521739130435,0.8049999999999999,FTTransformer|Weighted BCE + Label Smoothing
25,0.3339047815118517,0.3288355112075806,0.8036529680365296,0.6929133858267716,0.9565217391304348,0.7799999999999999,FTTransformer|Weighted BCE + Label Smoothing
26,0.3488740168866657,0.31276166439056396,0.8071748878923767,0.6870229007633588,0.9782608695652174,0.73,FTTransformer|Weighted BCE + Label Smoothing
27,0.33203522080466863,0.31516907811164857,0.8054298642533937,0.689922480620155,0.967391304347826,0.73,FTTransformer|Weighted BCE + Label Smoothing
28,0.3322903982230595,0.31679332852363584,0.8127853881278538,0.7007874015748031,0.967391304347826,0.7549999999999999,FTTransformer|Weighted BCE + Label Smoothing
29,0.3204826705512546,0.3172993063926697,0.8037383177570093,0.7049180327868853,0.9347826086956522,0.7799999999999999,FTTransformer|Weighted BCE + Label Smoothing
30,0.32134155006635756,0.31137833595275877,0.821917808219178,0.7086614173228346,0.9782608695652174,0.7599999999999999,FTTransformer|Weighted BCE + Label Smoothing
31,0.32063925124350046,0.3124196410179138,0.8130841121495327,0.7131147540983607,0.9456521739130435,0.7749999999999999,FTTransformer|Weighted BCE + Label Smoothing
32,0.3229143002203533,0.3294626593589783,0.7982062780269058,0.6793893129770993,0.967391304347826,0.6649999999999999,FTTransformer|Weighted BCE + Label Smoothing
33,0.3226291132824762,0.3081820487976074,0.8202764976958525,0.712,0.967391304347826,0.575,FTTransformer|Weighted BCE + Label Smoothing
34,0.3260547908998671,0.30405770540237426,0.821917808219178,0.7086614173228346,0.9782608695652174,0.6799999999999999,FTTransformer|Weighted BCE + Label Smoothing
35,0.3202914602699734,0.31203771829605104,0.8070175438596491,0.6764705882352942,1.0,0.3449999999999999,FTTransformer|Weighted BCE + Label Smoothing
36,0.32066858950115384,0.30366002917289736,0.8177777777777778,0.6917293233082706,1.0,0.31999999999999995,FTTransformer|Weighted BCE + Label Smoothing
37,0.3133460602590016,0.3061371684074402,0.8181818181818182,0.703125,0.9782608695652174,0.63,FTTransformer|Weighted BCE + Label Smoothing
38,0.31159538740203496,0.3155308485031128,0.8235294117647058,0.7054263565891473,0.9891304347826086,0.84,FTTransformer|Weighted BCE + Label Smoothing
39,0.3198338420618148,0.31157754063606263,0.8165137614678899,0.7063492063492064,0.967391304347826,0.735,FTTransformer|Weighted BCE + Label Smoothing
40,0.31137084180400487,0.31230369210243225,0.8088888888888889,0.6842105263157895,0.9891304347826086,0.625,FTTransformer|Weighted BCE + Label Smoothing
41,0.32088961771556307,0.3081017553806305,0.8148148148148148,0.7096774193548387,0.9565217391304348,0.7949999999999999,FTTransformer|Weighted BCE + Label Smoothing
42,0.3049083344993137,0.32351325154304506,0.8090909090909091,0.6953125,0.967391304347826,0.63,FTTransformer|Weighted BCE + Label Smoothing
43,0.31231346868333365,0.32778996229171753,0.8037383177570093,0.7049180327868853,0.9347826086956522,0.7749999999999999,FTTransformer|Weighted BCE + Label Smoothing
44,0.30443409652937026,0.31587173938751223,0.8075117370892019,0.7107438016528925,0.9347826086956522,0.8549999999999999,FTTransformer|Weighted BCE + Label Smoothing
45,0.3164239256154923,0.31152801513671874,0.8,0.6666666666666666,1.0,0.36999999999999994,FTTransformer|Weighted BCE + Label Smoothing
46,0.31496744070734295,0.31591746807098386,0.8125,0.6893939393939394,0.9891304347826086,0.4499999999999999,FTTransformer|Weighted BCE + Label Smoothing
47,0.30516921622412546,0.3032210946083069,0.8198198198198198,0.7,0.9891304347826086,0.725,FTTransformer|Weighted BCE + Label Smoothing
48,0.30851988139606656,0.33035154938697814,0.8036529680365296,0.6929133858267716,0.9565217391304348,0.5499999999999999,FTTransformer|Weighted BCE + Label Smoothing
49,0.30586151281992596,0.3266250967979431,0.8108108108108109,0.6923076923076923,0.9782608695652174,0.185,FTTransformer|Weighted BCE + Label Smoothing
50,0.30944964857328505,0.3155413269996643,0.8090909090909091,0.6953125,0.967391304347826,0.725,FTTransformer|Weighted BCE + Label Smoothing
51,0.3003114334174565,0.30322110652923584,0.8141592920353983,0.6865671641791045,1.0,0.16999999999999998,FTTransformer|Weighted BCE + Label Smoothing
52,0.30728318648678915,0.31112769842147825,0.8127853881278538,0.7007874015748031,0.967391304347826,0.7799999999999999,FTTransformer|Weighted BCE + Label Smoothing
53,0.3063780154500689,0.3133345603942871,0.8198198198198198,0.7,0.9891304347826086,0.39499999999999996,FTTransformer|Weighted BCE + Label Smoothing
54,0.3128365980727332,0.3107616066932678,0.8125,0.6893939393939394,0.9891304347826086,0.3999999999999999,FTTransformer|Weighted BCE + Label Smoothing
55,0.3101411291531154,0.3139012575149536,0.8090909090909091,0.6953125,0.967391304347826,0.71,FTTransformer|Weighted BCE + Label Smoothing
56,0.3008382604235694,0.3138924837112427,0.8071748878923767,0.6870229007633588,0.9782608695652174,0.6599999999999999,FTTransformer|Weighted BCE + Label Smoothing
57,0.2992993912526539,0.32275591492652894,0.7981651376146789,0.6904761904761905,0.9456521739130435,0.695,FTTransformer|Weighted BCE + Label Smoothing
58,0.3109062427566165,0.31303480863571165,0.8088888888888889,0.6842105263157895,0.9891304347826086,0.31999999999999995,FTTransformer|Weighted BCE + Label Smoothing
1,0.037638691741795766,0.026778118312358858,0.7692307692307693,0.6589147286821705,0.9239130434782609,0.48999999999999994,FTTransformer|Focal Loss
2,0.03123536537445727,0.022768385708332062,0.7685185185185185,0.6693548387096774,0.9021739130434783,0.63,FTTransformer|Focal Loss
3,0.025720479144226937,0.024617471545934678,0.7699115044247787,0.6492537313432836,0.9456521739130435,0.6849999999999999,FTTransformer|Focal Loss
4,0.02562885447627022,0.02507755272090435,0.7807017543859649,0.6544117647058824,0.967391304347826,0.705,FTTransformer|Focal Loss
5,0.027365833343494506,0.02200072892010212,0.7860262008733624,0.656934306569343,0.9782608695652174,0.575,FTTransformer|Focal Loss
6,0.02633079079290231,0.021040314435958864,0.7909090909090909,0.6796875,0.9456521739130435,0.6849999999999999,FTTransformer|Focal Loss
7,0.025459613828431992,0.020152231119573115,0.8110599078341014,0.704,0.9565217391304348,0.6449999999999999,FTTransformer|Focal Loss
8,0.023447900567026364,0.020728287659585475,0.8090909090909091,0.6953125,0.967391304347826,0.71,FTTransformer|Focal Loss
9,0.022859524935483932,0.01961980201303959,0.8073394495412844,0.6984126984126984,0.9565217391304348,0.71,FTTransformer|Focal Loss
10,0.02352703282875674,0.01907697580754757,0.8073394495412844,0.6984126984126984,0.9565217391304348,0.5499999999999999,FTTransformer|Focal Loss
11,0.023412287767444338,0.019664417952299118,0.8018433179723502,0.696,0.9456521739130435,0.62,FTTransformer|Focal Loss
12,0.021871014453825496,0.019041707366704942,0.8018867924528302,0.7083333333333334,0.9239130434782609,0.705,FTTransformer|Focal Loss
13,0.020706893698800178,0.01876372117549181,0.8130841121495327,0.7131147540983607,0.9456521739130435,0.71,FTTransformer|Focal Loss
14,0.022723729943945295,0.020116622000932692,0.7911111111111111,0.6691729323308271,0.967391304347826,0.63,FTTransformer|Focal Loss
15,0.02222544602340176,0.018423496186733244,0.8018433179723502,0.696,0.9456521739130435,0.69,FTTransformer|Focal Loss
16,0.021504781164583705,0.01825504843145609,0.8053097345132744,0.6791044776119403,0.9891304347826086,0.575,FTTransformer|Focal Loss
17,0.021256835332938602,0.020030668750405312,0.8,0.6991869918699187,0.9347826086956522,0.71,FTTransformer|Focal Loss
18,0.021924259274133613,0.019615019112825392,0.7945205479452054,0.6850393700787402,0.9456521739130435,0.6399999999999999,FTTransformer|Focal Loss
19,0.022773741123576958,0.020787694305181504,0.7924528301886793,0.7,0.9130434782608695,0.6749999999999999,FTTransformer|Focal Loss
20,0.0221609759721018,0.0186286099255085,0.7981651376146789,0.6904761904761905,0.9456521739130435,0.59,FTTransformer|Focal Loss
21,0.021366572539721216,0.017840238846838476,0.8148148148148148,0.7096774193548387,0.9565217391304348,0.6849999999999999,FTTransformer|Focal Loss
22,0.019901156868963016,0.019071450270712376,0.8,0.6991869918699187,0.9347826086956522,0.625,FTTransformer|Focal Loss
23,0.02164875285788661,0.018306759558618067,0.8075117370892019,0.7107438016528925,0.9347826086956522,0.625,FTTransformer|Focal Loss
24,0.023391866524304663,0.018359046429395676,0.8110599078341014,0.704,0.9565217391304348,0.6749999999999999,FTTransformer|Focal Loss
25,0.021573367218176525,0.01861942894756794,0.8093023255813954,0.7073170731707317,0.9456521739130435,0.6699999999999999,FTTransformer|Focal Loss
26,0.021054836389209543,0.019097455590963364,0.8055555555555556,0.7016129032258065,0.9456521739130435,0.71,FTTransformer|Focal Loss
27,0.020116805010253473,0.018312254548072816,0.8165137614678899,0.7063492063492064,0.967391304347826,0.705,FTTransformer|Focal Loss
28,0.019257714173623493,0.0181595278903842,0.8127853881278538,0.7007874015748031,0.967391304347826,0.72,FTTransformer|Focal Loss
29,0.01938312358799435,0.01831713058054447,0.8055555555555556,0.7016129032258065,0.9456521739130435,0.715,FTTransformer|Focal Loss
30,0.018917436356700602,0.0184903834015131,0.8035714285714286,0.6818181818181818,0.9782608695652174,0.705,FTTransformer|Focal Loss
31,0.019355871138118562,0.019043487682938575,0.8,0.6875,0.9565217391304348,0.6649999999999999,FTTransformer|Focal Loss
32,0.018700508977330867,0.018520377576351166,0.8110599078341014,0.704,0.9565217391304348,0.735,FTTransformer|Focal Loss
33,0.018665592319199016,0.01924256421625614,0.8075117370892019,0.7107438016528925,0.9347826086956522,0.71,FTTransformer|Focal Loss
34,0.020638377183959597,0.018204601481556892,0.8093023255813954,0.7073170731707317,0.9456521739130435,0.705,FTTransformer|Focal Loss
35,0.020252563502816928,0.01825828868895769,0.8110599078341014,0.704,0.9565217391304348,0.715,FTTransformer|Focal Loss
36,0.020081491342612674,0.018024916760623455,0.8127853881278538,0.7007874015748031,0.967391304347826,0.6749999999999999,FTTransformer|Focal Loss
37,0.019101778089645364,0.01693273540586233,0.8110599078341014,0.704,0.9565217391304348,0.695,FTTransformer|Focal Loss
38,0.019439662008413246,0.017123863846063615,0.822429906542056,0.7213114754098361,0.9565217391304348,0.695,FTTransformer|Focal Loss
39,0.019171493349685556,0.01756063587963581,0.8165137614678899,0.7063492063492064,0.967391304347826,0.6849999999999999,FTTransformer|Focal Loss
40,0.01803347264372167,0.019264261610805987,0.8071748878923767,0.6870229007633588,0.9782608695652174,0.695,FTTransformer|Focal Loss
41,0.01895500227276768,0.017325982823967932,0.821917808219178,0.7086614173228346,0.9782608695652174,0.69,FTTransformer|Focal Loss
42,0.018594656671796526,0.016928760521113872,0.8127853881278538,0.7007874015748031,0.967391304347826,0.715,FTTransformer|Focal Loss
43,0.019616756366477126,0.01834001950919628,0.8036529680365296,0.6929133858267716,0.9565217391304348,0.715,FTTransformer|Focal Loss
44,0.01926208691050609,0.019259371049702167,0.8055555555555556,0.7016129032258065,0.9456521739130435,0.7449999999999999,FTTransformer|Focal Loss
45,0.018227559469995044,0.019000323861837386,0.8,0.6766917293233082,0.9782608695652174,0.71,FTTransformer|Focal Loss
46,0.01884564185248954,0.017895239777863024,0.8018867924528302,0.7083333333333334,0.9239130434782609,0.715,FTTransformer|Focal Loss
47,0.01840414945036173,0.018198633939027785,0.8071748878923767,0.6870229007633588,0.9782608695652174,0.725,FTTransformer|Focal Loss
48,0.020244254774990537,0.01838523559272289,0.8054298642533937,0.689922480620155,0.967391304347826,0.6699999999999999,FTTransformer|Focal Loss
49,0.01937621042487167,0.01757182888686657,0.8130841121495327,0.7131147540983607,0.9456521739130435,0.73,FTTransformer|Focal Loss
50,0.018430934908489387,0.017509496584534646,0.8110599078341014,0.704,0.9565217391304348,0.73,FTTransformer|Focal Loss
51,0.017565562966324035,0.017797166109085084,0.8036529680365296,0.6929133858267716,0.9565217391304348,0.74,FTTransformer|Focal Loss
52,0.01742709507899625,0.017110975831747054,0.8037383177570093,0.7049180327868853,0.9347826086956522,0.72,FTTransformer|Focal Loss
53,0.017498661542222613,0.017179096676409246,0.8036529680365296,0.6929133858267716,0.9565217391304348,0.705,FTTransformer|Focal Loss
54,0.018006298779731707,0.017310903035104276,0.8181818181818182,0.703125,0.9782608695652174,0.71,FTTransformer|Focal Loss
55,0.0180740456673361,0.019039531983435155,0.8202764976958525,0.712,0.967391304347826,0.715,FTTransformer|Focal Loss
56,0.017908713558600062,0.020084265060722827,0.7982456140350878,0.6691176470588235,0.9891304347826086,0.7499999999999999,FTTransformer|Focal Loss
57,0.0202794260833235,0.018865298479795456,0.8088888888888889,0.6842105263157895,0.9891304347826086,0.6649999999999999,FTTransformer|Focal Loss
58,0.019473157956131866,0.01832777410745621,0.8130841121495327,0.7131147540983607,0.9456521739130435,0.725,FTTransformer|Focal Loss
1,0.03788966845188822,0.027267750725150107,0.7692307692307693,0.6589147286821705,0.9239130434782609,0.4799999999999999,FTTransformer|Focal Loss + Label Smoothing
2,0.03151736550387882,0.02301179841160774,0.7685185185185185,0.6693548387096774,0.9021739130434783,0.635,FTTransformer|Focal Loss + Label Smoothing
3,0.025922718103088084,0.02489149570465088,0.7699115044247787,0.6492537313432836,0.9456521739130435,0.6849999999999999,FTTransformer|Focal Loss + Label Smoothing
4,0.02589007094502449,0.025121377035975456,0.7807017543859649,0.6544117647058824,0.967391304347826,0.7,FTTransformer|Focal Loss + Label Smoothing
5,0.027490989792914616,0.022211773321032524,0.7857142857142857,0.6666666666666666,0.9565217391304348,0.585,FTTransformer|Focal Loss + Label Smoothing
6,0.026519427962955974,0.021189020201563834,0.7909090909090909,0.6796875,0.9456521739130435,0.6849999999999999,FTTransformer|Focal Loss + Label Smoothing
7,0.025682590369667326,0.020322803966701032,0.8073394495412844,0.6984126984126984,0.9565217391304348,0.6399999999999999,FTTransformer|Focal Loss + Label Smoothing
8,0.023659030507717813,0.020866202376782893,0.8090909090909091,0.6953125,0.967391304347826,0.71,FTTransformer|Focal Loss + Label Smoothing
9,0.02306041285573017,0.019833970442414285,0.8036529680365296,0.6929133858267716,0.9565217391304348,0.6749999999999999,FTTransformer|Focal Loss + Label Smoothing
10,0.02361125676404862,0.019244173355400563,0.8073394495412844,0.6984126984126984,0.9565217391304348,0.5599999999999999,FTTransformer|Focal Loss + Label Smoothing
11,0.023582464394470055,0.019867974892258645,0.8054298642533937,0.689922480620155,0.967391304347826,0.59,FTTransformer|Focal Loss + Label Smoothing
12,0.02205475184711672,0.0192646399140358,0.8018867924528302,0.7083333333333334,0.9239130434782609,0.71,FTTransformer|Focal Loss + Label Smoothing
13,0.02089666672760532,0.018974752724170686,0.8130841121495327,0.7131147540983607,0.9456521739130435,0.71,FTTransformer|Focal Loss + Label Smoothing
14,0.023375290135542553,0.020557551831007003,0.7911111111111111,0.6691729323308271,0.967391304347826,0.615,FTTransformer|Focal Loss + Label Smoothing
15,0.022577285234417235,0.01867952197790146,0.8018433179723502,0.696,0.9456521739130435,0.69,FTTransformer|Focal Loss + Label Smoothing
16,0.02086282956103484,0.018471710942685605,0.8108108108108109,0.6923076923076923,0.9782608695652174,0.69,FTTransformer|Focal Loss + Label Smoothing
17,0.021479664148674124,0.01804972756654024,0.8054298642533937,0.689922480620155,0.967391304347826,0.6599999999999999,FTTransformer|Focal Loss + Label Smoothing
18,0.02035675131316696,0.01770946606993675,0.8090909090909091,0.6953125,0.967391304347826,0.61,FTTransformer|Focal Loss + Label Smoothing
19,0.022890655368211724,0.020689866319298745,0.8075117370892019,0.7107438016528925,0.9347826086956522,0.71,FTTransformer|Focal Loss + Label Smoothing
20,0.023286305988828342,0.01896653473377228,0.8036529680365296,0.6929133858267716,0.9565217391304348,0.6499999999999999,FTTransformer|Focal Loss + Label Smoothing
21,0.021209589072636197,0.01849389337003231,0.8110599078341014,0.704,0.9565217391304348,0.695,FTTransformer|Focal Loss + Label Smoothing
22,0.019815405342905296,0.01982848308980465,0.8018433179723502,0.696,0.9456521739130435,0.6449999999999999,FTTransformer|Focal Loss + Label Smoothing
23,0.021864947286390123,0.018311456590890885,0.8090909090909091,0.6953125,0.967391304347826,0.59,FTTransformer|Focal Loss + Label Smoothing
24,0.02271992722082706,0.019373011589050294,0.8073394495412844,0.6984126984126984,0.9565217391304348,0.705,FTTransformer|Focal Loss + Label Smoothing
25,0.023099107046922047,0.01884121894836426,0.8054298642533937,0.689922480620155,0.967391304347826,0.615,FTTransformer|Focal Loss + Label Smoothing
26,0.021787854842841625,0.018535766378045083,0.8037383177570093,0.7049180327868853,0.9347826086956522,0.715,FTTransformer|Focal Loss + Label Smoothing
27,0.021743460558354855,0.01949681546539068,0.8036529680365296,0.6929133858267716,0.9565217391304348,0.6649999999999999,FTTransformer|Focal Loss + Label Smoothing
28,0.020964451932481358,0.018738989904522895,0.8165137614678899,0.7063492063492064,0.967391304347826,0.71,FTTransformer|Focal Loss + Label Smoothing
29,0.020951431776796068,0.018972782976925374,0.8055555555555556,0.7016129032258065,0.9456521739130435,0.69,FTTransformer|Focal Loss + Label Smoothing
30,0.019309834532794497,0.0187101524323225,0.8148148148148148,0.7096774193548387,0.9565217391304348,0.735,FTTransformer|Focal Loss + Label Smoothing
31,0.02044877897770632,0.01830192506313324,0.8036529680365296,0.6929133858267716,0.9565217391304348,0.6699999999999999,FTTransformer|Focal Loss + Label Smoothing
32,0.018668577030655883,0.018214251287281512,0.8148148148148148,0.7096774193548387,0.9565217391304348,0.7449999999999999,FTTransformer|Focal Loss + Label Smoothing
33,0.01962882528702418,0.017373442463576794,0.8075117370892019,0.7107438016528925,0.9347826086956522,0.6699999999999999,FTTransformer|Focal Loss + Label Smoothing
34,0.019730549660466966,0.018388364277780057,0.8090909090909091,0.6953125,0.967391304347826,0.705,FTTransformer|Focal Loss + Label Smoothing
35,0.02093290737164872,0.018532490730285643,0.8202764976958525,0.712,0.967391304347826,0.725,FTTransformer|Focal Loss + Label Smoothing
36,0.022126700463039533,0.017756829597055913,0.8090909090909091,0.6953125,0.967391304347826,0.6749999999999999,FTTransformer|Focal Loss + Label Smoothing
37,0.0212534817290448,0.018757027573883533,0.8,0.6991869918699187,0.9347826086956522,0.695,FTTransformer|Focal Loss + Label Smoothing
38,0.020125295434679304,0.0178595419973135,0.8165137614678899,0.7063492063492064,0.967391304347826,0.6799999999999999,FTTransformer|Focal Loss + Label Smoothing
39,0.01932882255918923,0.017096115462481975,0.8181818181818182,0.703125,0.9782608695652174,0.6449999999999999,FTTransformer|Focal Loss + Label Smoothing
40,0.018419133621223625,0.017719566822052002,0.8071748878923767,0.6870229007633588,0.9782608695652174,0.6849999999999999,FTTransformer|Focal Loss + Label Smoothing
41,0.019360536398986977,0.017409650050103663,0.8108108108108109,0.6923076923076923,0.9782608695652174,0.6599999999999999,FTTransformer|Focal Loss + Label Smoothing
42,0.01927727855564583,0.017812001705169677,0.8110599078341014,0.704,0.9565217391304348,0.6799999999999999,FTTransformer|Focal Loss + Label Smoothing
43,0.019585261742273968,0.01788804717361927,0.8181818181818182,0.703125,0.9782608695652174,0.715,FTTransformer|Focal Loss + Label Smoothing
44,0.01953301401365371,0.01796629708260298,0.8165137614678899,0.7063492063492064,0.967391304347826,0.72,FTTransformer|Focal Loss + Label Smoothing
45,0.019553345361990587,0.02012827843427658,0.8110599078341014,0.704,0.9565217391304348,0.71,FTTransformer|Focal Loss + Label Smoothing
46,0.02053088131582453,0.017900803685188295,0.8075117370892019,0.7107438016528925,0.9347826086956522,0.7449999999999999,FTTransformer|Focal Loss + Label Smoothing
47,0.018352121469520387,0.018325624987483025,0.8181818181818182,0.703125,0.9782608695652174,0.6649999999999999,FTTransformer|Focal Loss + Label Smoothing
48,0.01967428039227213,0.01743604689836502,0.8165137614678899,0.7063492063492064,0.967391304347826,0.6799999999999999,FTTransformer|Focal Loss + Label Smoothing
49,0.01822715094091282,0.018193490989506244,0.8088888888888889,0.6842105263157895,0.9891304347826086,0.43999999999999995,FTTransformer|Focal Loss + Label Smoothing
50,0.02166762566637425,0.017630558088421823,0.8018433179723502,0.696,0.9456521739130435,0.6649999999999999,FTTransformer|Focal Loss + Label Smoothing
51,0.019047526820074944,0.017255455255508423,0.8034934497816594,0.6715328467153284,1.0,0.5399999999999999,FTTransformer|Focal Loss + Label Smoothing
52,0.01905383449047804,0.0169460728764534,0.8186046511627907,0.7154471544715447,0.9565217391304348,0.72,FTTransformer|Focal Loss + Label Smoothing
53,0.017975230523872943,0.01685960330069065,0.8161434977578476,0.6946564885496184,0.9891304347826086,0.635,FTTransformer|Focal Loss + Label Smoothing
54,0.018709764106287843,0.017249207012355328,0.8127853881278538,0.7007874015748031,0.967391304347826,0.71,FTTransformer|Focal Loss + Label Smoothing
55,0.01890052730838458,0.018867195770144462,0.8125,0.6893939393939394,0.9891304347826086,0.625,FTTransformer|Focal Loss + Label Smoothing
