model,imbalance_method,candidate_key,cv_accuracy_mean,cv_accuracy_std,cv_precision_mean,cv_precision_std,cv_recall_mean,cv_recall_std,cv_f1_mean,cv_f1_std,cv_macro_f1_mean,cv_macro_f1_std,cv_minority_recall_mean,cv_minority_recall_std
RandomForest,SMOTE,RandomForest|SMOTE,0.9135135135135135,0.010023749023743022,0.6930887229958438,0.031082152693183894,0.865463779738038,0.018604267095311534,0.7694158667167171,0.023083470254134788,0.8580924738615163,0.014705151614743107,0.865463779738038,0.018604267095311534
XGBoost,Class Weight,XGBoost|Class Weight,0.9119691119691119,0.00707733698062681,0.6930703131455012,0.026074598493395437,0.849184709970596,0.016459023913264887,0.7627575746852564,0.014075314102384554,0.8543522972042631,0.009279776137909028,0.849184709970596,0.016459023913264887
XGBoost,SMOTE,XGBoost|SMOTE,0.9069498069498069,0.008226747394850414,0.6904133961276818,0.022382363327674012,0.8004811547714514,0.04780277968244816,0.7406791184422424,0.02670041206479785,0.8419824574013012,0.01563946704002401,0.8004811547714514,0.04780277968244816
RandomForest,Baseline,RandomForest|Baseline,0.908108108108108,0.013013358723052303,0.7007590835235948,0.03494005860913308,0.7819566960705693,0.04281361311703971,0.7389726807398617,0.0370326888926454,0.841604655738036,0.022447494041869357,0.7819566960705693,0.04281361311703971
XGBoost,Baseline,XGBoost|Baseline,0.9042471042471043,0.009346500723482766,0.7006102212051869,0.029199915359224067,0.7424752739909115,0.024629720692158574,0.720837910602791,0.025917144810467335,0.8315247126476077,0.01579517238610936,0.7424752739909115,0.024629720692158574
RandomForest,Class Weight,RandomForest|Class Weight,0.9023166023166022,0.012665034337341105,0.6912944106688974,0.031419482524722486,0.7448543170275327,0.05209040716892607,0.7168410182990429,0.03976291671411543,0.8289076066395774,0.023630843186378692,0.7448543170275327,0.05209040716892607
DecisionTree,Baseline,DecisionTree|Baseline,0.894980694980695,0.007969022177818629,0.6876659713239915,0.025824890776748138,0.6775728414862336,0.03626009955438826,0.6820471993412853,0.02486046776994903,0.8095702132187004,0.014678297021165517,0.6775728414862336,0.03626009955438826
DecisionTree,SMOTE,DecisionTree|SMOTE,0.8891891891891891,0.011937934234548475,0.6661768893722774,0.0375913498253161,0.6730018711574445,0.04998346109740367,0.6686415929992905,0.03681062957848809,0.8010467963448477,0.02179901958209471,0.6730018711574445,0.04998346109740367
DecisionTree,Class Weight,DecisionTree|Class Weight,0.886100386100386,0.009054856679195792,0.6747671281131294,0.032941274190590245,0.6124832932371024,0.0448355314265183,0.6410105717700554,0.03200645681447263,0.7866473875064713,0.01828331194816677,0.6124832932371024,0.0448355314265183
