cluster_id,cluster_name,stress_level,daily_social_media_hours,sleep_hours,screen_time_before_sleep,screen_sleep_ratio,heavy_sm_user,low_sleep,plat_Instagram,plat_TikTok,plat_Both
3,Người dùng cân bằng,2,7.9,7.4,2.9,0.38666666666666666,1,0,1,0,0
1,Lướt đêm / ít ngủ,8,1.9,8.0,2.9,0.35802469135802467,0,0,0,1,0
3,Người dùng cân bằng,2,1.3,7.6,0.5,0.06493506493506494,0,0,1,0,0
1,Lướt đêm / ít ngủ,1,7.4,6.9,1.6,0.2285714285714286,1,1,0,1,0
2,Dùng MXH nặng,3,4.7,4.9,3.0,0.6,0,1,0,0,1
2,Dùng MXH nặng,3,7.4,4.4,2.4,0.5333333333333333,1,1,0,0,1
3,Người dùng cân bằng,2,2.5,6.4,2.4,0.3692307692307692,0,1,1,0,0
0,Dùng MXH nhẹ,6,4.0,4.2,0.5,0.11627906976744186,0,1,0,0,1
2,Dùng MXH nặng,1,3.3,5.0,2.1,0.411764705882353,0,1,0,1,0
1,Lướt đêm / ít ngủ,1,1.9,4.9,1.5,0.3,0,1,0,1,0
2,Dùng MXH nặng,5,7.2,5.8,2.9,0.4915254237288136,1,1,0,0,1
2,Dùng MXH nặng,1,4.9,4.7,2.5,0.5208333333333334,0,1,1,0,0
0,Dùng MXH nhẹ,5,6.2,7.2,2.6,0.35616438356164387,1,0,0,0,1
1,Lướt đêm / ít ngủ,1,6.8,5.7,1.1,0.18965517241379312,1,1,0,1,0
1,Lướt đêm / ít ngủ,1,5.7,5.9,0.8,0.13333333333333333,1,1,0,1,0
0,Dùng MXH nhẹ,4,3.6,5.3,0.6,0.11111111111111112,0,1,0,0,1
0,Dùng MXH nhẹ,4,1.5,4.2,1.4,0.3255813953488372,0,1,0,0,1
0,Dùng MXH nhẹ,10,3.1,6.1,0.8,0.12903225806451615,0,1,0,0,1
0,Dùng MXH nhẹ,10,6.7,6.8,1.9,0.2753623188405797,1,1,0,0,1
3,Người dùng cân bằng,8,1.2,7.6,1.0,0.12987012987012989,0,0,1,0,0
2,Dùng MXH nặng,4,3.4,4.6,2.1,0.44680851063829796,0,1,0,1,0
0,Dùng MXH nhẹ,8,4.1,7.4,2.4,0.32,0,0,0,0,1
3,Người dùng cân bằng,5,5.3,4.9,1.2,0.24,1,1,1,0,0
1,Lướt đêm / ít ngủ,9,2.3,7.6,0.5,0.06493506493506494,0,0,0,1,0
0,Dùng MXH nhẹ,8,2.4,6.7,1.9,0.27941176470588236,0,1,0,0,1
0,Dùng MXH nhẹ,4,1.5,7.2,2.5,0.3424657534246575,0,0,0,0,1
0,Dùng MXH nhẹ,8,5.7,8.7,0.6,0.06818181818181819,1,0,0,0,1
1,Lướt đêm / ít ngủ,7,2.0,7.1,0.9,0.12500000000000003,0,0,0,1,0
2,Dùng MXH nặng,3,2.5,5.6,2.9,0.5087719298245614,0,1,0,1,0
1,Lướt đêm / ít ngủ,6,3.4,7.8,2.8,0.35443037974683544,0,0,0,1,0
2,Dùng MXH nặng,2,6.6,5.7,2.5,0.4310344827586207,1,1,0,1,0
3,Người dùng cân bằng,8,1.6,8.7,2.5,0.2840909090909091,0,0,1,0,0
2,Dùng MXH nặng,1,2.7,4.2,2.4,0.5581395348837209,0,1,1,0,0
1,Lướt đêm / ít ngủ,8,4.1,8.0,3.0,0.3703703703703704,0,0,0,1,0
1,Lướt đêm / ít ngủ,10,6.6,7.3,1.6,0.21621621621621626,1,0,0,1,0
2,Dùng MXH nặng,9,5.0,4.9,2.1,0.42000000000000004,1,1,0,0,1
2,Dùng MXH nặng,3,4.6,5.5,2.5,0.44642857142857145,0,1,1,0,0
3,Người dùng cân bằng,5,4.8,4.4,1.3,0.2888888888888889,0,1,1,0,0
1,Lướt đêm / ít ngủ,1,1.3,8.0,2.0,0.2469135802469136,0,0,0,1,0
3,Người dùng cân bằng,1,6.3,4.0,1.0,0.24390243902439027,1,1,1,0,0
3,Người dùng cân bằng,10,6.4,5.7,0.9,0.15517241379310345,1,1,1,0,0
3,Người dùng cân bằng,10,1.6,8.6,2.4,0.27586206896551724,0,0,1,0,0
3,Người dùng cân bằng,6,7.3,7.7,1.4,0.1794871794871795,1,0,1,0,0
0,Dùng MXH nhẹ,10,4.0,8.8,1.3,0.14606741573033707,0,0,0,0,1
2,Dùng MXH nặng,9,5.2,4.1,2.1,0.5000000000000001,1,1,0,0,1
1,Lướt đêm / ít ngủ,1,4.5,4.8,0.9,0.18367346938775514,0,1,0,1,0
1,Lướt đêm / ít ngủ,1,6.8,8.6,1.1,0.12643678160919541,1,0,0,1,0
3,Người dùng cân bằng,2,3.5,5.1,1.1,0.2115384615384616,0,1,1,0,0
2,Dùng MXH nặng,4,2.3,6.3,3.0,0.46875000000000006,0,1,0,1,0
3,Người dùng cân bằng,5,1.2,8.5,1.8,0.20930232558139536,0,0,1,0,0
0,Dùng MXH nhẹ,5,6.2,7.1,2.2,0.30555555555555564,1,0,0,0,1
2,Dùng MXH nặng,6,4.5,4.1,1.9,0.45238095238095244,0,1,0,1,0
2,Dùng MXH nặng,3,2.9,4.5,2.5,0.5434782608695653,0,1,1,0,0
1,Lướt đêm / ít ngủ,1,5.8,8.5,2.3,0.26744186046511625,1,0,0,1,0
2,Dùng MXH nặng,4,6.8,6.5,2.7,0.4090909090909091,1,1,1,0,0
3,Người dùng cân bằng,1,7.4,8.6,0.9,0.10344827586206898,1,0,1,0,0
2,Dùng MXH nặng,8,4.5,5.0,2.5,0.4901960784313726,0,1,0,1,0
2,Dùng MXH nặng,7,6.4,5.3,2.4,0.4444444444444445,1,1,0,1,0
0,Dùng MXH nhẹ,4,7.3,4.2,1.3,0.3023255813953489,1,1,0,0,1
3,Người dùng cân bằng,1,7.1,5.6,0.6,0.10526315789473685,1,1,1,0,0
2,Dùng MXH nặng,3,1.6,5.1,2.7,0.5192307692307694,0,1,0,1,0
3,Người dùng cân bằng,6,1.5,4.7,1.0,0.20833333333333334,0,1,1,0,0
0,Dùng MXH nhẹ,7,4.3,5.8,0.7,0.11864406779661017,0,1,0,0,1
0,Dùng MXH nhẹ,5,2.5,6.7,2.0,0.29411764705882354,0,1,0,0,1
1,Lướt đêm / ít ngủ,6,7.9,5.1,1.7,0.326923076923077,1,1,0,1,0
3,Người dùng cân bằng,1,2.7,8.0,2.6,0.3209876543209877,0,0,1,0,0
1,Lướt đêm / ít ngủ,5,3.1,8.2,1.5,0.1807228915662651,0,0,0,1,0
0,Dùng MXH nhẹ,7,5.8,7.6,0.7,0.09090909090909091,1,0,0,0,1
0,Dùng MXH nhẹ,8,3.9,7.0,2.8,0.39436619718309857,0,0,0,0,1
0,Dùng MXH nhẹ,2,7.5,7.0,0.9,0.1267605633802817,1,0,0,0,1
0,Dùng MXH nhẹ,2,5.2,6.7,2.0,0.29411764705882354,1,1,0,0,1
1,Lướt đêm / ít ngủ,2,3.1,5.0,1.1,0.21568627450980396,0,1,0,1,0
3,Người dùng cân bằng,8,2.0,8.7,1.2,0.13636363636363638,0,0,1,0,0
3,Người dùng cân bằng,6,2.7,8.4,1.3,0.15294117647058825,0,0,1,0,0
2,Dùng MXH nặng,10,1.5,4.3,2.1,0.47727272727272735,0,1,0,0,1
3,Người dùng cân bằng,10,6.9,8.2,0.8,0.09638554216867472,1,0,1,0,0
1,Lướt đêm / ít ngủ,5,1.1,7.1,1.8,0.25000000000000006,0,0,0,1,0
1,Lướt đêm / ít ngủ,8,3.4,4.4,0.6,0.13333333333333333,0,1,0,1,0
2,Dùng MXH nặng,3,6.7,4.5,2.1,0.4565217391304348,1,1,0,0,1
0,Dùng MXH nhẹ,2,1.1,7.2,1.0,0.136986301369863,0,0,0,0,1
3,Người dùng cân bằng,4,7.4,7.5,2.3,0.3026315789473684,1,0,1,0,0
1,Lướt đêm / ít ngủ,2,4.8,6.0,1.5,0.24590163934426232,0,1,0,1,0
2,Dùng MXH nặng,9,1.2,5.2,2.2,0.4150943396226416,0,1,0,0,1
3,Người dùng cân bằng,8,7.4,5.6,1.4,0.2456140350877193,1,1,1,0,0
0,Dùng MXH nhẹ,5,2.6,8.6,1.3,0.14942528735632185,0,0,0,0,1
0,Dùng MXH nhẹ,8,5.0,9.0,2.5,0.27472527472527475,1,0,0,0,1
3,Người dùng cân bằng,9,7.5,7.4,1.8,0.24000000000000002,1,0,1,0,0
2,Dùng MXH nặng,5,5.4,5.7,2.5,0.4310344827586207,1,1,0,0,1
3,Người dùng cân bằng,8,5.6,5.3,1.7,0.3148148148148148,1,1,1,0,0
2,Dùng MXH nặng,7,6.2,4.1,2.8,0.6666666666666667,1,1,1,0,0
2,Dùng MXH nặng,10,4.7,4.7,2.4,0.5,0,1,1,0,0
2,Dùng MXH nặng,4,4.0,4.6,2.2,0.46808510638297884,0,1,1,0,0
1,Lướt đêm / ít ngủ,4,6.2,8.6,1.5,0.1724137931034483,1,0,0,1,0
1,Lướt đêm / ít ngủ,6,5.6,6.8,2.0,0.2898550724637681,1,1,0,1,0
2,Dùng MXH nặng,7,4.0,4.4,2.5,0.5555555555555556,0,1,1,0,0
3,Người dùng cân bằng,3,1.8,6.4,2.4,0.3692307692307692,0,1,1,0,0
1,Lướt đêm / ít ngủ,7,3.1,5.4,1.9,0.34545454545454546,0,1,0,1,0
2,Dùng MXH nặng,1,3.5,5.2,2.5,0.4716981132075472,0,1,0,1,0
1,Lướt đêm / ít ngủ,4,7.4,6.4,2.2,0.3384615384615385,1,1,0,1,0
3,Người dùng cân bằng,2,8.0,5.5,1.4,0.25,1,1,1,0,0
2,Dùng MXH nặng,1,5.1,4.1,1.6,0.38095238095238104,1,1,0,0,1
3,Người dùng cân bằng,2,2.4,6.3,1.3,0.20312500000000003,0,1,1,0,0
3,Người dùng cân bằng,10,1.6,4.2,1.5,0.3488372093023256,0,1,1,0,0
3,Người dùng cân bằng,5,5.8,6.7,1.9,0.27941176470588236,1,1,1,0,0
1,Lướt đêm / ít ngủ,3,2.7,6.6,1.9,0.28358208955223885,0,1,0,1,0
0,Dùng MXH nhẹ,5,4.0,4.5,1.0,0.2173913043478261,0,1,0,0,1
0,Dùng MXH nhẹ,7,3.2,8.8,1.2,0.1348314606741573,0,0,0,0,1
1,Lướt đêm / ít ngủ,5,1.6,4.3,0.6,0.13636363636363638,0,1,0,1,0
1,Lướt đêm / ít ngủ,5,2.3,8.0,2.5,0.308641975308642,0,0,0,1,0
1,Lướt đêm / ít ngủ,7,7.7,8.5,1.2,0.13953488372093023,1,0,0,1,0
0,Dùng MXH nhẹ,7,4.8,7.1,0.6,0.08333333333333334,0,0,0,0,1
0,Dùng MXH nhẹ,6,5.2,6.0,0.6,0.09836065573770492,1,1,0,0,1
0,Dùng MXH nhẹ,1,5.7,6.6,2.4,0.35820895522388063,1,1,0,0,1
1,Lướt đêm / ít ngủ,1,4.6,5.2,1.4,0.2641509433962264,0,1,0,1,0
1,Lướt đêm / ít ngủ,1,4.3,7.5,2.7,0.3552631578947369,0,0,0,1,0
3,Người dùng cân bằng,3,4.1,8.6,3.0,0.3448275862068966,0,0,1,0,0
0,Dùng MXH nhẹ,8,6.5,8.1,2.0,0.24390243902439027,1,0,0,0,1
0,Dùng MXH nhẹ,10,7.8,8.8,2.1,0.23595505617977527,1,0,0,0,1
2,Dùng MXH nặng,6,6.5,4.1,2.7,0.642857142857143,1,1,1,0,0
1,Lướt đêm / ít ngủ,6,3.2,4.2,0.6,0.13953488372093023,0,1,0,1,0
1,Lướt đêm / ít ngủ,8,2.4,4.1,0.8,0.19047619047619052,0,1,0,1,0
3,Người dùng cân bằng,4,4.0,8.1,2.1,0.25609756097560976,0,0,1,0,0
0,Dùng MXH nhẹ,8,6.0,8.8,1.3,0.14606741573033707,1,0,0,0,1
1,Lướt đêm / ít ngủ,6,1.2,8.0,1.7,0.20987654320987656,0,0,0,1,0
2,Dùng MXH nặng,3,5.7,5.8,2.8,0.4745762711864407,1,1,0,0,1
0,Dùng MXH nhẹ,8,6.5,8.1,2.3,0.2804878048780488,1,0,0,0,1
3,Người dùng cân bằng,4,6.6,5.6,0.8,0.14035087719298248,1,1,1,0,0
1,Lướt đêm / ít ngủ,1,6.0,7.2,1.5,0.20547945205479454,1,0,0,1,0
0,Dùng MXH nhẹ,7,1.1,8.0,2.7,0.33333333333333337,0,0,0,0,1
3,Người dùng cân bằng,7,3.8,7.9,1.3,0.1625,0,0,1,0,0
0,Dùng MXH nhẹ,4,4.7,6.8,1.7,0.2463768115942029,0,1,0,0,1
1,Lướt đêm / ít ngủ,1,7.4,6.3,1.3,0.20312500000000003,1,1,0,1,0
3,Người dùng cân bằng,3,3.9,7.1,2.4,0.33333333333333337,0,0,1,0,0
2,Dùng MXH nặng,9,3.1,5.7,2.9,0.5,0,1,1,0,0
1,Lướt đêm / ít ngủ,5,2.6,8.8,1.7,0.19101123595505617,0,0,0,1,0
1,Lướt đêm / ít ngủ,9,5.0,6.9,0.6,0.08571428571428572,1,1,0,1,0
3,Người dùng cân bằng,1,4.5,8.1,1.6,0.19512195121951223,0,0,1,0,0
2,Dùng MXH nặng,5,2.1,4.7,2.0,0.4166666666666667,0,1,0,1,0
3,Người dùng cân bằng,8,6.4,6.0,1.1,0.18032786885245905,1,1,1,0,0
2,Dùng MXH nặng,1,2.3,6.5,2.6,0.393939393939394,0,1,0,1,0
1,Lướt đêm / ít ngủ,3,4.4,8.8,1.3,0.14606741573033707,0,0,0,1,0
3,Người dùng cân bằng,3,2.3,6.9,2.3,0.32857142857142857,0,1,1,0,0
3,Người dùng cân bằng,6,4.3,4.4,0.7,0.15555555555555556,0,1,1,0,0
1,Lướt đêm / ít ngủ,9,3.9,5.2,1.8,0.339622641509434,0,1,0,1,0
1,Lướt đêm / ít ngủ,3,2.9,7.5,0.9,0.11842105263157895,0,0,0,1,0
3,Người dùng cân bằng,5,2.1,8.5,1.1,0.12790697674418605,0,0,1,0,0
1,Lướt đêm / ít ngủ,7,2.1,5.0,1.4,0.27450980392156865,0,1,0,1,0
1,Lướt đêm / ít ngủ,3,3.8,5.7,1.3,0.22413793103448276,0,1,0,1,0
1,Lướt đêm / ít ngủ,10,1.1,8.2,0.7,0.08433734939759037,0,0,0,1,0
2,Dùng MXH nặng,10,2.5,5.3,2.4,0.4444444444444445,0,1,0,0,1
3,Người dùng cân bằng,7,4.1,6.4,0.9,0.13846153846153847,0,1,1,0,0
3,Người dùng cân bằng,6,3.0,8.6,1.5,0.1724137931034483,0,0,1,0,0
3,Người dùng cân bằng,10,3.9,5.0,0.7,0.13725490196078433,0,1,1,0,0
1,Lướt đêm / ít ngủ,5,7.0,8.9,0.6,0.06666666666666667,1,0,0,1,0
0,Dùng MXH nhẹ,9,3.6,8.9,1.9,0.2111111111111111,0,0,0,0,1
3,Người dùng cân bằng,5,7.6,7.6,2.7,0.3506493506493507,1,0,1,0,0
3,Người dùng cân bằng,10,1.3,4.5,0.7,0.15217391304347827,0,1,1,0,0
0,Dùng MXH nhẹ,8,2.1,7.8,2.1,0.2658227848101266,0,0,0,0,1
0,Dùng MXH nhẹ,8,2.7,8.8,1.9,0.21348314606741572,0,0,0,0,1
0,Dùng MXH nhẹ,9,7.5,8.0,2.0,0.2469135802469136,1,0,0,0,1
0,Dùng MXH nhẹ,6,6.1,8.8,1.7,0.19101123595505617,1,0,0,0,1
0,Dùng MXH nhẹ,2,2.4,7.4,1.2,0.16,0,0,0,0,1
1,Lướt đêm / ít ngủ,9,2.0,5.3,1.7,0.3148148148148148,0,1,0,1,0
1,Lướt đêm / ít ngủ,8,7.8,5.3,0.5,0.0925925925925926,1,1,0,1,0
1,Lướt đêm / ít ngủ,10,6.8,7.2,2.5,0.3424657534246575,1,0,0,1,0
2,Dùng MXH nặng,9,8.0,4.6,2.6,0.5531914893617023,1,1,1,0,0
0,Dùng MXH nhẹ,6,7.3,8.9,2.7,0.30000000000000004,1,0,0,0,1
0,Dùng MXH nhẹ,9,1.5,8.7,1.2,0.13636363636363638,0,0,0,0,1
3,Người dùng cân bằng,4,3.4,5.0,1.8,0.35294117647058826,0,1,1,0,0
2,Dùng MXH nặng,4,7.3,4.8,2.6,0.5306122448979592,1,1,0,0,1
1,Lướt đêm / ít ngủ,5,1.9,8.5,0.8,0.0930232558139535,0,0,0,1,0
3,Người dùng cân bằng,3,3.9,8.2,1.3,0.15662650602409642,0,0,1,0,0
3,Người dùng cân bằng,9,1.3,5.8,1.3,0.22033898305084748,0,1,1,0,0
1,Lướt đêm / ít ngủ,7,4.7,8.2,1.8,0.2168674698795181,0,0,0,1,0
2,Dùng MXH nặng,10,1.9,5.8,2.3,0.3898305084745763,0,1,0,1,0
0,Dùng MXH nhẹ,10,7.0,6.3,1.6,0.25000000000000006,1,1,0,0,1
1,Lướt đêm / ít ngủ,9,6.2,6.3,1.7,0.265625,1,1,0,1,0
1,Lướt đêm / ít ngủ,2,3.2,8.0,1.3,0.16049382716049385,0,0,0,1,0
0,Dùng MXH nhẹ,7,4.5,7.9,1.4,0.175,0,0,0,0,1
2,Dùng MXH nặng,4,1.1,6.1,2.5,0.40322580645161293,0,1,0,0,1
3,Người dùng cân bằng,2,5.9,8.0,2.8,0.345679012345679,1,0,1,0,0
2,Dùng MXH nặng,6,5.1,5.0,2.2,0.4313725490196079,1,1,0,0,1
3,Người dùng cân bằng,3,1.6,6.9,2.3,0.32857142857142857,0,1,1,0,0
1,Lướt đêm / ít ngủ,10,7.2,8.0,1.4,0.1728395061728395,1,0,0,1,0
3,Người dùng cân bằng,4,1.4,6.9,2.4,0.34285714285714286,0,1,1,0,0
3,Người dùng cân bằng,10,6.6,8.0,2.2,0.271604938271605,1,0,1,0,0
3,Người dùng cân bằng,7,3.5,6.3,0.8,0.12500000000000003,0,1,1,0,0
2,Dùng MXH nặng,3,5.4,6.3,2.8,0.4375,1,1,0,0,1
0,Dùng MXH nhẹ,1,4.2,7.3,1.1,0.14864864864864868,0,0,0,0,1
3,Người dùng cân bằng,10,2.5,8.3,1.6,0.19047619047619047,0,0,1,0,0
2,Dùng MXH nặng,7,3.8,6.0,3.0,0.49180327868852464,0,1,0,1,0
3,Người dùng cân bằng,2,1.8,8.9,1.2,0.13333333333333333,0,0,1,0,0
3,Người dùng cân bằng,10,5.4,5.6,1.8,0.31578947368421056,1,1,1,0,0
3,Người dùng cân bằng,9,7.7,6.1,0.8,0.12903225806451615,1,1,1,0,0
3,Người dùng cân bằng,2,4.1,8.0,1.7,0.20987654320987656,0,0,1,0,0
2,Dùng MXH nặng,4,6.6,4.9,3.0,0.6,1,1,0,0,1
0,Dùng MXH nhẹ,5,2.3,4.1,0.8,0.19047619047619052,0,1,0,0,1
2,Dùng MXH nặng,3,7.5,5.9,2.9,0.48333333333333334,1,1,1,0,0
3,Người dùng cân bằng,10,7.1,8.0,2.9,0.35802469135802467,1,0,1,0,0
0,Dùng MXH nhẹ,1,1.7,6.3,1.5,0.23437500000000003,0,1,0,0,1
3,Người dùng cân bằng,3,7.9,5.8,0.8,0.13559322033898308,1,1,1,0,0
3,Người dùng cân bằng,4,4.0,7.9,1.9,0.2375,0,0,1,0,0
1,Lướt đêm / ít ngủ,7,1.2,8.1,2.0,0.24390243902439027,0,0,0,1,0
1,Lướt đêm / ít ngủ,6,3.5,8.4,1.7,0.19999999999999998,0,0,0,1,0
3,Người dùng cân bằng,7,1.1,6.8,2.0,0.2898550724637681,0,1,1,0,0
2,Dùng MXH nặng,2,1.6,4.1,1.6,0.38095238095238104,0,1,0,1,0
1,Lướt đêm / ít ngủ,8,2.5,8.9,2.9,0.3222222222222222,0,0,0,1,0
3,Người dùng cân bằng,5,2.8,7.2,1.8,0.24657534246575344,0,0,1,0,0
3,Người dùng cân bằng,10,2.2,5.2,1.4,0.2641509433962264,0,1,1,0,0
0,Dùng MXH nhẹ,1,4.8,6.8,1.0,0.14492753623188406,0,1,0,0,1
0,Dùng MXH nhẹ,6,3.7,7.9,2.7,0.3375,0,0,0,0,1
3,Người dùng cân bằng,4,5.5,8.3,2.3,0.2738095238095238,1,0,1,0,0
3,Người dùng cân bằng,3,2.5,6.8,1.0,0.14492753623188406,0,1,1,0,0
1,Lướt đêm / ít ngủ,6,1.9,5.8,1.7,0.288135593220339,0,1,0,1,0
3,Người dùng cân bằng,6,5.9,7.5,1.4,0.18421052631578946,1,0,1,0,0
1,Lướt đêm / ít ngủ,2,6.5,8.3,0.6,0.07142857142857142,1,0,0,1,0
3,Người dùng cân bằng,6,7.5,8.1,2.5,0.30487804878048785,1,0,1,0,0
2,Dùng MXH nặng,5,4.9,4.5,2.9,0.6304347826086957,0,1,0,1,0
1,Lướt đêm / ít ngủ,1,2.2,5.3,1.4,0.25925925925925924,0,1,0,1,0
0,Dùng MXH nhẹ,9,5.8,6.9,0.7,0.09999999999999999,1,1,0,0,1
3,Người dùng cân bằng,3,1.3,8.5,0.9,0.10465116279069768,0,0,1,0,0
1,Lướt đêm / ít ngủ,5,2.8,4.8,1.7,0.34693877551020413,0,1,0,1,0
1,Lướt đêm / ít ngủ,4,4.0,6.5,2.4,0.36363636363636365,0,1,0,1,0
1,Lướt đêm / ít ngủ,3,1.7,4.9,1.6,0.32,0,1,0,1,0
1,Lướt đêm / ít ngủ,2,1.4,6.1,1.6,0.2580645161290323,0,1,0,1,0
2,Dùng MXH nặng,9,2.3,6.5,3.0,0.4545454545454546,0,1,0,1,0
3,Người dùng cân bằng,9,3.8,5.3,1.0,0.1851851851851852,0,1,1,0,0
2,Dùng MXH nặng,5,6.4,5.1,2.5,0.48076923076923084,1,1,0,1,0
0,Dùng MXH nhẹ,1,6.0,7.1,0.9,0.12500000000000003,1,0,0,0,1
3,Người dùng cân bằng,7,1.9,7.8,2.1,0.2658227848101266,0,0,1,0,0
1,Lướt đêm / ít ngủ,1,2.4,8.5,2.4,0.27906976744186046,0,0,0,1,0
2,Dùng MXH nặng,3,2.7,5.1,2.4,0.46153846153846156,0,1,1,0,0
0,Dùng MXH nhẹ,10,1.5,7.2,1.7,0.2328767123287671,0,0,0,0,1
3,Người dùng cân bằng,7,7.7,7.3,1.8,0.24324324324324326,1,0,1,0,0
2,Dùng MXH nặng,6,2.9,5.1,2.2,0.4230769230769232,0,1,0,1,0
2,Dùng MXH nặng,3,7.6,4.3,2.7,0.6136363636363638,1,1,0,1,0
0,Dùng MXH nhẹ,5,5.7,8.4,2.4,0.2823529411764706,1,0,0,0,1
1,Lướt đêm / ít ngủ,5,1.2,5.0,1.5,0.29411764705882354,0,1,0,1,0
0,Dùng MXH nhẹ,8,2.4,6.2,1.6,0.253968253968254,0,1,0,0,1
2,Dùng MXH nặng,7,6.2,5.1,2.0,0.3846153846153847,1,1,0,0,1
2,Dùng MXH nặng,2,4.7,5.1,2.2,0.4230769230769232,0,1,1,0,0
3,Người dùng cân bằng,4,5.3,6.7,0.7,0.10294117647058823,1,1,1,0,0
1,Lướt đêm / ít ngủ,4,6.0,6.0,0.7,0.11475409836065574,1,1,0,1,0
2,Dùng MXH nặng,8,7.8,4.7,2.1,0.43750000000000006,1,1,0,1,0
2,Dùng MXH nặng,8,4.4,4.2,2.6,0.6046511627906977,0,1,0,0,1
3,Người dùng cân bằng,9,6.7,7.6,2.4,0.3116883116883117,1,0,1,0,0
1,Lướt đêm / ít ngủ,8,7.2,7.4,2.2,0.29333333333333333,1,0,0,1,0
2,Dùng MXH nặng,8,6.1,4.4,2.1,0.4666666666666667,1,1,0,0,1
1,Lướt đêm / ít ngủ,1,5.4,8.7,1.9,0.2159090909090909,1,0,0,1,0
0,Dùng MXH nhẹ,10,2.7,7.7,0.7,0.08974358974358974,0,0,0,0,1
3,Người dùng cân bằng,2,7.9,7.2,1.5,0.20547945205479454,1,0,1,0,0
1,Lướt đêm / ít ngủ,10,4.6,7.3,1.6,0.21621621621621626,0,0,0,1,0
2,Dùng MXH nặng,5,5.6,4.6,1.9,0.4042553191489362,1,1,1,0,0
1,Lướt đêm / ít ngủ,2,6.5,6.4,0.7,0.10769230769230768,1,1,0,1,0
0,Dùng MXH nhẹ,7,5.9,7.2,0.9,0.12328767123287672,1,0,0,0,1
2,Dùng MXH nặng,7,1.1,5.1,2.2,0.4230769230769232,0,1,0,1,0
1,Lướt đêm / ít ngủ,6,3.2,5.1,1.2,0.23076923076923078,0,1,0,1,0
2,Dùng MXH nặng,8,6.5,5.3,2.7,0.5000000000000001,1,1,1,0,0
3,Người dùng cân bằng,1,7.3,6.2,1.0,0.15873015873015872,1,1,1,0,0
1,Lướt đêm / ít ngủ,4,1.5,5.5,1.7,0.3035714285714286,0,1,0,1,0
3,Người dùng cân bằng,6,3.8,6.8,2.4,0.34782608695652173,0,1,1,0,0
1,Lướt đêm / ít ngủ,10,3.6,8.6,2.8,0.3218390804597701,0,0,0,1,0
2,Dùng MXH nặng,10,3.6,4.3,2.9,0.6590909090909092,0,1,0,1,0
3,Người dùng cân bằng,6,5.3,7.4,1.2,0.16,1,0,1,0,0
1,Lướt đêm / ít ngủ,9,4.4,4.3,0.8,0.18181818181818185,0,1,0,1,0
1,Lướt đêm / ít ngủ,9,7.7,4.7,1.4,0.2916666666666667,1,1,0,1,0
2,Dùng MXH nặng,3,7.1,4.5,2.4,0.5217391304347826,1,1,0,1,0
3,Người dùng cân bằng,7,4.9,6.8,1.0,0.14492753623188406,0,1,1,0,0
0,Dùng MXH nhẹ,8,4.6,8.9,1.9,0.2111111111111111,0,0,0,0,1
3,Người dùng cân bằng,7,1.8,6.5,2.6,0.393939393939394,0,1,1,0,0
0,Dùng MXH nhẹ,10,4.2,5.7,1.0,0.1724137931034483,0,1,0,0,1
1,Lướt đêm / ít ngủ,1,1.5,6.7,0.5,0.07352941176470588,0,1,0,1,0
3,Người dùng cân bằng,6,7.0,8.9,2.8,0.3111111111111111,1,0,1,0,0
0,Dùng MXH nhẹ,9,6.5,7.8,1.5,0.189873417721519,1,0,0,0,1
3,Người dùng cân bằng,9,4.3,5.9,2.1,0.35000000000000003,0,1,1,0,0
0,Dùng MXH nhẹ,8,7.2,7.7,2.5,0.32051282051282054,1,0,0,0,1
2,Dùng MXH nặng,3,7.0,4.1,1.9,0.45238095238095244,1,1,0,0,1
0,Dùng MXH nhẹ,5,3.8,5.4,1.7,0.3090909090909091,0,1,0,0,1
3,Người dùng cân bằng,5,3.0,6.9,2.3,0.32857142857142857,0,1,1,0,0
1,Lướt đêm / ít ngủ,10,7.0,7.8,1.1,0.13924050632911394,1,0,0,1,0
2,Dùng MXH nặng,5,4.6,5.3,2.3,0.42592592592592593,0,1,0,1,0
0,Dùng MXH nhẹ,6,3.4,8.9,2.6,0.2888888888888889,0,0,0,0,1
2,Dùng MXH nặng,4,3.5,6.7,2.7,0.3970588235294118,0,1,0,1,0
0,Dùng MXH nhẹ,2,4.4,7.3,2.7,0.3648648648648649,0,0,0,0,1
0,Dùng MXH nhẹ,9,1.8,8.2,2.2,0.2650602409638555,0,0,0,0,1
0,Dùng MXH nhẹ,7,3.9,7.7,1.0,0.12820512820512822,0,0,0,0,1
1,Lướt đêm / ít ngủ,4,4.4,5.7,1.0,0.1724137931034483,0,1,0,1,0
3,Người dùng cân bằng,7,2.0,8.7,1.9,0.2159090909090909,0,0,1,0,0
1,Lướt đêm / ít ngủ,1,7.2,8.8,2.5,0.28089887640449435,1,0,0,1,0
0,Dùng MXH nhẹ,6,4.4,6.4,0.9,0.13846153846153847,0,1,0,0,1
1,Lướt đêm / ít ngủ,5,7.2,4.8,1.4,0.28571428571428575,1,1,0,1,0
3,Người dùng cân bằng,10,5.4,6.5,0.8,0.12121212121212123,1,1,1,0,0
1,Lướt đêm / ít ngủ,10,1.5,4.1,1.3,0.3095238095238096,0,1,0,1,0
3,Người dùng cân bằng,9,1.8,8.0,2.8,0.345679012345679,0,0,1,0,0
1,Lướt đêm / ít ngủ,8,3.7,5.3,0.7,0.12962962962962962,0,1,0,1,0
0,Dùng MXH nhẹ,4,6.4,8.3,1.3,0.15476190476190477,1,0,0,0,1
0,Dùng MXH nhẹ,5,6.4,6.7,2.4,0.35294117647058826,1,1,0,0,1
3,Người dùng cân bằng,2,1.1,9.0,2.9,0.31868131868131866,0,0,1,0,0
1,Lướt đêm / ít ngủ,2,1.3,7.8,2.6,0.32911392405063294,0,0,0,1,0
3,Người dùng cân bằng,6,4.4,6.0,1.2,0.19672131147540983,0,1,1,0,0
3,Người dùng cân bằng,8,7.8,5.0,1.8,0.35294117647058826,1,1,1,0,0
1,Lướt đêm / ít ngủ,5,6.9,6.4,0.9,0.13846153846153847,1,1,0,1,0
3,Người dùng cân bằng,4,4.8,6.8,0.8,0.11594202898550726,0,1,1,0,0
3,Người dùng cân bằng,7,7.5,8.6,1.9,0.21839080459770116,1,0,1,0,0
3,Người dùng cân bằng,2,6.7,7.0,2.2,0.3098591549295775,1,0,1,0,0
3,Người dùng cân bằng,4,3.8,4.8,1.9,0.38775510204081637,0,1,1,0,0
3,Người dùng cân bằng,10,3.0,8.6,1.5,0.1724137931034483,0,0,1,0,0
1,Lướt đêm / ít ngủ,9,7.8,7.1,0.8,0.11111111111111113,1,0,0,1,0
2,Dùng MXH nặng,3,7.8,4.3,2.6,0.590909090909091,1,1,1,0,0
1,Lướt đêm / ít ngủ,4,6.6,9.0,1.5,0.16483516483516483,1,0,0,1,0
3,Người dùng cân bằng,9,7.3,6.4,2.3,0.3538461538461538,1,1,1,0,0
3,Người dùng cân bằng,6,6.6,4.4,1.1,0.24444444444444446,1,1,1,0,0
1,Lướt đêm / ít ngủ,6,5.6,8.1,3.0,0.3658536585365854,1,0,0,1,0
2,Dùng MXH nặng,6,8.0,5.4,2.8,0.509090909090909,1,1,1,0,0
3,Người dùng cân bằng,8,1.3,8.9,2.6,0.2888888888888889,0,0,1,0,0
0,Dùng MXH nhẹ,3,5.9,6.9,1.4,0.19999999999999998,1,1,0,0,1
3,Người dùng cân bằng,10,2.0,8.8,0.9,0.10112359550561797,0,0,1,0,0
3,Người dùng cân bằng,5,1.4,6.6,1.8,0.2686567164179105,0,1,1,0,0
0,Dùng MXH nhẹ,3,6.4,6.7,0.8,0.11764705882352942,1,1,0,0,1
1,Lướt đêm / ít ngủ,10,7.6,7.9,0.8,0.1,1,0,0,1,0
0,Dùng MXH nhẹ,1,7.9,5.5,0.6,0.10714285714285715,1,1,0,0,1
2,Dùng MXH nặng,9,5.1,4.1,2.8,0.6666666666666667,1,1,1,0,0
1,Lướt đêm / ít ngủ,9,6.4,7.4,1.5,0.2,1,0,0,1,0
0,Dùng MXH nhẹ,8,7.2,6.7,0.9,0.1323529411764706,1,1,0,0,1
2,Dùng MXH nặng,6,2.9,4.6,2.3,0.4893617021276596,0,1,0,0,1
3,Người dùng cân bằng,5,1.5,7.3,2.7,0.3648648648648649,0,0,1,0,0
0,Dùng MXH nhẹ,5,5.4,8.1,1.8,0.21951219512195125,1,0,0,0,1
1,Lướt đêm / ít ngủ,5,7.2,4.1,1.3,0.3095238095238096,1,1,0,1,0
3,Người dùng cân bằng,10,7.0,5.9,1.3,0.21666666666666667,1,1,1,0,0
1,Lướt đêm / ít ngủ,3,7.5,6.7,1.1,0.16176470588235295,1,1,0,1,0
0,Dùng MXH nhẹ,10,1.4,7.0,1.8,0.2535211267605634,0,0,0,0,1
3,Người dùng cân bằng,10,6.1,8.1,1.4,0.17073170731707318,1,0,1,0,0
0,Dùng MXH nhẹ,10,1.4,5.2,1.7,0.32075471698113206,0,1,0,0,1
2,Dùng MXH nặng,6,5.4,4.1,2.0,0.4761904761904763,1,1,1,0,0
3,Người dùng cân bằng,2,2.1,8.2,0.9,0.10843373493975905,0,0,1,0,0
0,Dùng MXH nhẹ,9,5.0,4.3,1.1,0.25000000000000006,1,1,0,0,1
2,Dùng MXH nặng,8,4.4,4.3,1.9,0.4318181818181818,0,1,1,0,0
0,Dùng MXH nhẹ,7,3.4,8.6,0.8,0.09195402298850576,0,0,0,0,1
3,Người dùng cân bằng,5,1.2,6.4,1.3,0.2,0,1,1,0,0
1,Lướt đêm / ít ngủ,5,5.5,7.3,1.4,0.1891891891891892,1,0,0,1,0
0,Dùng MXH nhẹ,4,2.3,7.8,3.0,0.379746835443038,0,0,0,0,1
0,Dùng MXH nhẹ,3,1.4,7.4,0.5,0.06666666666666667,0,0,0,0,1
3,Người dùng cân bằng,5,3.0,7.0,0.9,0.1267605633802817,0,0,1,0,0
2,Dùng MXH nặng,1,2.8,5.0,2.5,0.4901960784313726,0,1,1,0,0
1,Lướt đêm / ít ngủ,9,7.0,6.9,1.0,0.14285714285714285,1,1,0,1,0
0,Dùng MXH nhẹ,1,1.6,8.4,1.4,0.16470588235294117,0,0,0,0,1
3,Người dùng cân bằng,3,4.2,8.4,1.2,0.1411764705882353,0,0,1,0,0
3,Người dùng cân bằng,6,4.9,8.6,3.0,0.3448275862068966,0,0,1,0,0
2,Dùng MXH nặng,10,3.6,4.1,2.9,0.6904761904761906,0,1,1,0,0
1,Lướt đêm / ít ngủ,5,1.8,6.0,2.3,0.3770491803278688,0,1,0,1,0
2,Dùng MXH nặng,6,2.7,5.4,2.6,0.4727272727272727,0,1,1,0,0
3,Người dùng cân bằng,5,1.2,5.2,1.0,0.18867924528301888,0,1,1,0,0
0,Dùng MXH nhẹ,6,6.2,6.7,1.4,0.20588235294117646,1,1,0,0,1
1,Lướt đêm / ít ngủ,8,1.6,6.2,1.9,0.30158730158730157,0,1,0,1,0
1,Lướt đêm / ít ngủ,1,5.1,7.4,1.3,0.17333333333333334,1,0,0,1,0
1,Lướt đêm / ít ngủ,1,5.2,8.2,2.8,0.3373493975903615,1,0,0,1,0
2,Dùng MXH nặng,2,4.1,5.1,2.0,0.3846153846153847,0,1,0,1,0
2,Dùng MXH nặng,3,5.4,4.4,2.3,0.5111111111111111,1,1,0,1,0
1,Lướt đêm / ít ngủ,1,2.4,8.4,1.6,0.18823529411764706,0,0,0,1,0
0,Dùng MXH nhẹ,3,1.7,5.6,1.4,0.2456140350877193,0,1,0,0,1
0,Dùng MXH nhẹ,2,6.0,6.1,0.9,0.14516129032258066,1,1,0,0,1
0,Dùng MXH nhẹ,8,7.2,6.1,0.8,0.12903225806451615,1,1,0,0,1
2,Dùng MXH nặng,1,3.5,6.3,2.9,0.453125,0,1,0,1,0
2,Dùng MXH nặng,4,3.8,4.4,1.9,0.4222222222222222,0,1,1,0,0
0,Dùng MXH nhẹ,4,4.5,8.0,1.5,0.1851851851851852,0,0,0,0,1
0,Dùng MXH nhẹ,7,7.3,7.2,0.5,0.0684931506849315,1,0,0,0,1
3,Người dùng cân bằng,3,6.4,7.7,0.5,0.06410256410256411,1,0,1,0,0
1,Lướt đêm / ít ngủ,2,5.3,8.4,2.2,0.25882352941176473,1,0,0,1,0
3,Người dùng cân bằng,6,2.4,7.1,0.7,0.09722222222222222,0,0,1,0,0
0,Dùng MXH nhẹ,8,8.0,8.9,2.2,0.24444444444444446,1,0,0,0,1
2,Dùng MXH nặng,4,7.3,4.4,2.3,0.5111111111111111,1,1,0,0,1
0,Dùng MXH nhẹ,7,4.5,7.3,0.9,0.12162162162162163,0,0,0,0,1
0,Dùng MXH nhẹ,7,5.0,9.0,2.4,0.26373626373626374,1,0,0,0,1
0,Dùng MXH nhẹ,4,5.7,4.2,1.4,0.3255813953488372,1,1,0,0,1
3,Người dùng cân bằng,4,2.9,8.4,2.6,0.3058823529411765,0,0,1,0,0
3,Người dùng cân bằng,1,7.9,8.8,2.3,0.2584269662921348,1,0,1,0,0
2,Dùng MXH nặng,4,4.8,5.0,2.6,0.5098039215686275,0,1,0,1,0
0,Dùng MXH nhẹ,5,3.0,6.0,1.0,0.1639344262295082,0,1,0,0,1
0,Dùng MXH nhẹ,7,4.1,6.4,2.0,0.3076923076923077,0,1,0,0,1
3,Người dùng cân bằng,3,6.9,5.0,1.2,0.23529411764705882,1,1,1,0,0
3,Người dùng cân bằng,8,3.2,6.2,2.2,0.34920634920634924,0,1,1,0,0
0,Dùng MXH nhẹ,4,1.3,4.9,0.9,0.18,0,1,0,0,1
1,Lướt đêm / ít ngủ,3,4.2,6.8,1.1,0.15942028985507248,0,1,0,1,0
0,Dùng MXH nhẹ,9,6.6,6.0,2.1,0.34426229508196726,1,1,0,0,1
1,Lướt đêm / ít ngủ,10,7.5,4.8,0.7,0.14285714285714288,1,1,0,1,0
0,Dùng MXH nhẹ,5,7.0,8.7,3.0,0.34090909090909094,1,0,0,0,1
0,Dùng MXH nhẹ,7,6.7,5.0,0.6,0.11764705882352941,1,1,0,0,1
2,Dùng MXH nặng,6,2.3,5.6,2.9,0.5087719298245614,0,1,1,0,0
0,Dùng MXH nhẹ,10,5.3,9.0,2.8,0.3076923076923077,1,0,0,0,1
1,Lướt đêm / ít ngủ,1,2.7,6.5,1.5,0.2272727272727273,0,1,0,1,0
3,Người dùng cân bằng,4,5.4,7.8,1.8,0.2278481012658228,1,0,1,0,0
3,Người dùng cân bằng,5,7.2,8.0,1.9,0.2345679012345679,1,0,1,0,0
1,Lướt đêm / ít ngủ,9,1.5,6.8,2.5,0.3623188405797102,0,1,0,1,0
0,Dùng MXH nhẹ,2,4.0,4.2,0.5,0.11627906976744186,0,1,0,0,1
0,Dùng MXH nhẹ,4,4.2,7.1,2.1,0.2916666666666667,0,0,0,0,1
1,Lướt đêm / ít ngủ,4,1.8,7.7,2.2,0.2820512820512821,0,0,0,1,0
3,Người dùng cân bằng,4,3.3,8.6,1.1,0.12643678160919541,0,0,1,0,0
0,Dùng MXH nhẹ,6,1.0,6.6,1.4,0.20895522388059704,0,1,0,0,1
1,Lướt đêm / ít ngủ,5,1.2,8.0,2.8,0.345679012345679,0,0,0,1,0
3,Người dùng cân bằng,7,2.0,4.1,1.3,0.3095238095238096,0,1,1,0,0
0,Dùng MXH nhẹ,1,7.1,6.5,1.6,0.24242424242424246,1,1,0,0,1
1,Lướt đêm / ít ngủ,9,5.5,7.8,1.5,0.189873417721519,1,0,0,1,0
2,Dùng MXH nặng,8,7.7,4.7,2.8,0.5833333333333334,1,1,0,1,0
3,Người dùng cân bằng,1,7.6,5.9,2.0,0.3333333333333333,1,1,1,0,0
3,Người dùng cân bằng,10,8.0,6.9,2.5,0.35714285714285715,1,1,1,0,0
3,Người dùng cân bằng,8,4.3,6.0,1.4,0.22950819672131148,0,1,1,0,0
2,Dùng MXH nặng,6,3.8,5.3,2.5,0.462962962962963,0,1,0,0,1
2,Dùng MXH nặng,9,2.9,6.3,3.0,0.46875000000000006,0,1,0,1,0
1,Lướt đêm / ít ngủ,9,5.3,6.5,1.1,0.16666666666666669,1,1,0,1,0
3,Người dùng cân bằng,10,5.7,7.5,2.4,0.3157894736842105,1,0,1,0,0
3,Người dùng cân bằng,7,2.8,7.4,1.0,0.13333333333333333,0,0,1,0,0
2,Dùng MXH nặng,6,2.8,6.1,2.9,0.467741935483871,0,1,0,1,0
3,Người dùng cân bằng,2,1.1,7.0,1.9,0.2676056338028169,0,0,1,0,0
2,Dùng MXH nặng,5,2.0,5.0,2.6,0.5098039215686275,0,1,0,0,1
1,Lướt đêm / ít ngủ,4,6.5,5.3,1.8,0.33333333333333337,1,1,0,1,0
1,Lướt đêm / ít ngủ,4,7.5,7.8,1.3,0.16455696202531647,1,0,0,1,0
3,Người dùng cân bằng,2,3.1,7.9,1.2,0.15,0,0,1,0,0
0,Dùng MXH nhẹ,3,5.9,7.0,2.3,0.323943661971831,1,0,0,0,1
1,Lướt đêm / ít ngủ,3,7.9,4.1,0.7,0.16666666666666669,1,1,0,1,0
3,Người dùng cân bằng,5,5.1,7.4,0.7,0.09333333333333332,1,0,1,0,0
0,Dùng MXH nhẹ,3,1.9,5.8,2.1,0.35593220338983056,0,1,0,0,1
3,Người dùng cân bằng,10,8.0,8.7,1.5,0.17045454545454547,1,0,1,0,0
0,Dùng MXH nhẹ,7,2.9,4.0,0.5,0.12195121951219513,0,1,0,0,1
3,Người dùng cân bằng,10,4.3,8.4,0.9,0.10588235294117647,0,0,1,0,0
2,Dùng MXH nặng,8,1.1,6.4,3.0,0.46153846153846156,0,1,1,0,0
3,Người dùng cân bằng,8,4.9,5.7,1.2,0.20689655172413793,0,1,1,0,0
0,Dùng MXH nhẹ,9,6.1,7.6,1.4,0.18181818181818182,1,0,0,0,1
0,Dùng MXH nhẹ,6,2.7,6.5,1.6,0.24242424242424246,0,1,0,0,1
0,Dùng MXH nhẹ,10,7.8,7.4,0.7,0.09333333333333332,1,0,0,0,1
1,Lướt đêm / ít ngủ,5,4.2,6.5,1.4,0.21212121212121213,0,1,0,1,0
2,Dùng MXH nặng,5,4.4,5.5,2.7,0.4821428571428572,0,1,1,0,0
0,Dùng MXH nhẹ,10,1.4,7.8,0.6,0.0759493670886076,0,0,0,0,1
1,Lướt đêm / ít ngủ,2,3.7,7.2,0.6,0.0821917808219178,0,0,0,1,0
3,Người dùng cân bằng,6,3.8,8.9,1.9,0.2111111111111111,0,0,1,0,0
1,Lướt đêm / ít ngủ,1,5.4,7.0,1.8,0.2535211267605634,1,0,0,1,0
2,Dùng MXH nặng,8,4.0,4.3,1.8,0.40909090909090917,0,1,0,0,1
1,Lướt đêm / ít ngủ,7,3.5,5.8,1.8,0.3050847457627119,0,1,0,1,0
0,Dùng MXH nhẹ,4,1.3,8.3,1.0,0.11904761904761904,0,0,0,0,1
3,Người dùng cân bằng,8,5.6,8.8,0.9,0.10112359550561797,1,0,1,0,0
3,Người dùng cân bằng,4,2.4,5.5,0.6,0.10714285714285715,0,1,1,0,0
0,Dùng MXH nhẹ,2,2.0,7.8,2.8,0.35443037974683544,0,0,0,0,1
3,Người dùng cân bằng,1,6.6,8.6,1.5,0.1724137931034483,1,0,1,0,0
1,Lướt đêm / ít ngủ,2,2.3,6.4,2.4,0.3692307692307692,0,1,0,1,0
1,Lướt đêm / ít ngủ,4,6.4,5.4,1.4,0.2545454545454545,1,1,0,1,0
0,Dùng MXH nhẹ,7,3.5,5.9,1.3,0.21666666666666667,0,1,0,0,1
3,Người dùng cân bằng,1,1.7,8.5,1.0,0.11627906976744186,0,0,1,0,0
3,Người dùng cân bằng,9,4.1,8.2,1.7,0.20481927710843376,0,0,1,0,0
3,Người dùng cân bằng,1,3.3,6.5,0.8,0.12121212121212123,0,1,1,0,0
2,Dùng MXH nặng,3,5.0,4.9,2.6,0.52,1,1,0,1,0
3,Người dùng cân bằng,1,1.5,8.4,3.0,0.35294117647058826,0,0,1,0,0
1,Lướt đêm / ít ngủ,1,3.3,8.4,2.1,0.24705882352941178,0,0,0,1,0
0,Dùng MXH nhẹ,10,6.4,4.1,1.3,0.3095238095238096,1,1,0,0,1
3,Người dùng cân bằng,1,8.0,8.1,1.2,0.14634146341463417,1,0,1,0,0
0,Dùng MXH nhẹ,2,1.0,4.1,1.3,0.3095238095238096,0,1,0,0,1
3,Người dùng cân bằng,4,4.2,5.4,1.1,0.2,0,1,1,0,0
1,Lướt đêm / ít ngủ,1,4.6,7.3,2.8,0.3783783783783784,0,0,0,1,0
0,Dùng MXH nhẹ,4,2.8,6.2,2.4,0.38095238095238093,0,1,0,0,1
3,Người dùng cân bằng,9,6.3,6.9,1.3,0.18571428571428572,1,1,1,0,0
1,Lướt đêm / ít ngủ,7,7.2,7.0,1.3,0.18309859154929578,1,0,0,1,0
0,Dùng MXH nhẹ,3,4.5,6.7,2.2,0.3235294117647059,0,1,0,0,1
0,Dùng MXH nhẹ,7,5.3,5.1,1.2,0.23076923076923078,1,1,0,0,1
1,Lướt đêm / ít ngủ,8,5.2,6.7,2.5,0.36764705882352944,1,1,0,1,0
2,Dùng MXH nặng,9,7.9,6.0,2.7,0.4426229508196722,1,1,0,1,0
1,Lướt đêm / ít ngủ,5,6.9,8.5,1.5,0.1744186046511628,1,0,0,1,0
2,Dùng MXH nặng,9,5.8,4.1,2.9,0.6904761904761906,1,1,1,0,0
3,Người dùng cân bằng,9,7.0,8.3,2.1,0.25,1,0,1,0,0
1,Lướt đêm / ít ngủ,3,3.0,8.3,2.7,0.32142857142857145,0,0,0,1,0
0,Dùng MXH nhẹ,1,6.3,7.9,1.7,0.2125,1,0,0,0,1
2,Dùng MXH nặng,6,5.5,4.9,2.6,0.52,1,1,1,0,0
0,Dùng MXH nhẹ,9,2.2,7.5,2.2,0.2894736842105263,0,0,0,0,1
0,Dùng MXH nhẹ,9,1.4,4.5,1.4,0.30434782608695654,0,1,0,0,1
2,Dùng MXH nặng,7,4.5,4.4,1.9,0.4222222222222222,0,1,1,0,0
3,Người dùng cân bằng,8,6.1,5.7,2.0,0.3448275862068966,1,1,1,0,0
1,Lướt đêm / ít ngủ,6,3.3,5.7,2.0,0.3448275862068966,0,1,0,1,0
0,Dùng MXH nhẹ,4,5.2,5.6,1.1,0.19298245614035092,1,1,0,0,1
0,Dùng MXH nhẹ,1,5.0,5.8,1.3,0.22033898305084748,1,1,0,0,1
1,Lướt đêm / ít ngủ,8,1.8,5.9,1.9,0.31666666666666665,0,1,0,1,0
1,Lướt đêm / ít ngủ,6,2.3,4.5,0.7,0.15217391304347827,0,1,0,1,0
0,Dùng MXH nhẹ,6,2.7,6.3,0.6,0.09375,0,1,0,0,1
1,Lướt đêm / ít ngủ,2,7.4,7.5,1.7,0.2236842105263158,1,0,0,1,0
1,Lướt đêm / ít ngủ,4,6.2,4.6,1.1,0.23404255319148942,1,1,0,1,0
1,Lướt đêm / ít ngủ,6,2.3,8.8,1.0,0.11235955056179775,0,0,0,1,0
1,Lướt đêm / ít ngủ,6,1.8,5.2,1.4,0.2641509433962264,0,1,0,1,0
2,Dùng MXH nặng,2,1.3,4.9,2.6,0.52,0,1,1,0,0
2,Dùng MXH nặng,6,2.1,4.4,2.1,0.4666666666666667,0,1,1,0,0
3,Người dùng cân bằng,3,3.9,7.7,1.4,0.1794871794871795,0,0,1,0,0
0,Dùng MXH nhẹ,7,3.8,4.5,1.3,0.28260869565217395,0,1,0,0,1
3,Người dùng cân bằng,4,6.4,7.8,0.7,0.08860759493670886,1,0,1,0,0
2,Dùng MXH nặng,9,3.2,6.2,2.6,0.41269841269841273,0,1,1,0,0
0,Dùng MXH nhẹ,9,4.4,8.2,1.5,0.1807228915662651,0,0,0,0,1
1,Lướt đêm / ít ngủ,1,1.3,7.5,1.3,0.17105263157894737,0,0,0,1,0
1,Lướt đêm / ít ngủ,7,5.7,6.2,0.5,0.07936507936507936,1,1,0,1,0
2,Dùng MXH nặng,7,4.0,5.0,2.9,0.5686274509803921,0,1,0,1,0
3,Người dùng cân bằng,1,4.8,6.7,1.4,0.20588235294117646,0,1,1,0,0
0,Dùng MXH nhẹ,2,5.8,7.5,1.9,0.25,1,0,0,0,1
0,Dùng MXH nhẹ,8,5.8,8.9,1.1,0.12222222222222223,1,0,0,0,1
1,Lướt đêm / ít ngủ,4,3.2,5.1,1.6,0.30769230769230776,0,1,0,1,0
2,Dùng MXH nặng,10,5.2,4.0,2.4,0.5853658536585367,1,1,0,0,1
1,Lướt đêm / ít ngủ,7,2.4,6.0,0.7,0.11475409836065574,0,1,0,1,0
2,Dùng MXH nặng,7,7.4,5.9,2.6,0.43333333333333335,1,1,0,0,1
2,Dùng MXH nặng,1,7.1,4.8,2.1,0.42857142857142866,1,1,1,0,0
1,Lướt đêm / ít ngủ,10,6.5,7.4,1.9,0.2533333333333333,1,0,0,1,0
0,Dùng MXH nhẹ,9,7.4,7.0,1.8,0.2535211267605634,1,0,0,0,1
3,Người dùng cân bằng,6,3.9,6.4,1.7,0.26153846153846155,0,1,1,0,0
0,Dùng MXH nhẹ,1,4.6,8.6,2.0,0.2298850574712644,0,0,0,0,1
1,Lướt đêm / ít ngủ,4,1.5,6.7,1.0,0.14705882352941177,0,1,0,1,0
3,Người dùng cân bằng,9,5.8,7.1,1.1,0.15277777777777782,1,0,1,0,0
2,Dùng MXH nặng,2,6.4,4.9,2.1,0.42000000000000004,1,1,0,1,0
1,Lướt đêm / ít ngủ,1,2.1,8.2,2.4,0.28915662650602414,0,0,0,1,0
2,Dùng MXH nặng,5,2.2,6.5,3.0,0.4545454545454546,0,1,0,1,0
1,Lướt đêm / ít ngủ,8,5.5,7.4,2.9,0.38666666666666666,1,0,0,1,0
0,Dùng MXH nhẹ,7,6.6,7.4,2.2,0.29333333333333333,1,0,0,0,1
3,Người dùng cân bằng,2,5.2,6.6,1.6,0.23880597014925378,1,1,1,0,0
2,Dùng MXH nặng,8,4.7,5.1,2.0,0.3846153846153847,0,1,0,1,0
0,Dùng MXH nhẹ,10,7.1,6.3,2.2,0.34375000000000006,1,1,0,0,1
0,Dùng MXH nhẹ,9,4.2,8.1,1.4,0.17073170731707318,0,0,0,0,1
2,Dùng MXH nặng,7,1.3,5.1,2.2,0.4230769230769232,0,1,1,0,0
0,Dùng MXH nhẹ,8,2.6,7.8,1.9,0.24050632911392406,0,0,0,0,1
3,Người dùng cân bằng,5,6.2,8.1,2.3,0.2804878048780488,1,0,1,0,0
1,Lướt đêm / ít ngủ,3,6.2,5.1,1.5,0.2884615384615385,1,1,0,1,0
1,Lướt đêm / ít ngủ,5,4.8,8.5,2.8,0.3255813953488372,0,0,0,1,0
2,Dùng MXH nặng,10,3.0,4.6,2.0,0.4255319148936171,0,1,0,0,1
3,Người dùng cân bằng,1,4.7,8.2,2.7,0.32530120481927716,0,0,1,0,0
0,Dùng MXH nhẹ,2,4.4,5.1,1.4,0.2692307692307693,0,1,0,0,1
1,Lướt đêm / ít ngủ,4,2.3,7.3,2.3,0.3108108108108108,0,0,0,1,0
3,Người dùng cân bằng,3,3.1,6.9,1.9,0.2714285714285714,0,1,1,0,0
1,Lướt đêm / ít ngủ,4,2.9,7.5,0.6,0.07894736842105263,0,0,0,1,0
3,Người dùng cân bằng,3,1.8,4.4,0.6,0.13333333333333333,0,1,1,0,0
3,Người dùng cân bằng,2,2.0,4.7,1.3,0.27083333333333337,0,1,1,0,0
3,Người dùng cân bằng,10,4.2,7.9,2.7,0.3375,0,0,1,0,0
0,Dùng MXH nhẹ,3,6.7,7.9,1.4,0.175,1,0,0,0,1
0,Dùng MXH nhẹ,10,2.2,7.2,0.5,0.0684931506849315,0,0,0,0,1
1,Lướt đêm / ít ngủ,9,1.1,6.8,0.6,0.08695652173913043,0,1,0,1,0
2,Dùng MXH nặng,1,6.4,5.9,2.8,0.4666666666666666,1,1,0,1,0
3,Người dùng cân bằng,10,2.8,5.9,1.5,0.25,0,1,1,0,0
0,Dùng MXH nhẹ,4,2.2,5.8,2.0,0.33898305084745767,0,1,0,0,1
2,Dùng MXH nặng,3,5.7,4.8,2.2,0.4489795918367348,1,1,1,0,0
0,Dùng MXH nhẹ,10,5.3,7.3,1.9,0.25675675675675674,1,0,0,0,1
1,Lướt đêm / ít ngủ,4,3.1,8.8,1.5,0.16853932584269662,0,0,0,1,0
1,Lướt đêm / ít ngủ,10,1.7,4.9,0.6,0.12,0,1,0,1,0
3,Người dùng cân bằng,7,6.7,7.3,2.8,0.3783783783783784,1,0,1,0,0
3,Người dùng cân bằng,10,7.8,7.4,1.7,0.22666666666666666,1,0,1,0,0
0,Dùng MXH nhẹ,3,2.1,6.7,0.9,0.1323529411764706,0,1,0,0,1
1,Lướt đêm / ít ngủ,1,5.1,8.6,1.9,0.21839080459770116,1,0,0,1,0
3,Người dùng cân bằng,1,3.6,5.4,0.9,0.16363636363636364,0,1,1,0,0
0,Dùng MXH nhẹ,4,5.0,7.6,2.0,0.25974025974025977,1,0,0,0,1
0,Dùng MXH nhẹ,9,1.7,8.6,0.9,0.10344827586206898,0,0,0,0,1
3,Người dùng cân bằng,3,6.8,4.7,0.6,0.125,1,1,1,0,0
0,Dùng MXH nhẹ,5,3.8,7.5,0.5,0.06578947368421052,0,0,0,0,1
3,Người dùng cân bằng,3,2.1,7.7,1.1,0.14102564102564105,0,0,1,0,0
2,Dùng MXH nặng,8,3.2,4.0,2.0,0.48780487804878053,0,1,1,0,0
2,Dùng MXH nặng,8,1.9,5.6,2.3,0.4035087719298246,0,1,1,0,0
3,Người dùng cân bằng,7,3.5,6.8,1.5,0.2173913043478261,0,1,1,0,0
3,Người dùng cân bằng,9,4.5,7.7,0.9,0.11538461538461539,0,0,1,0,0
2,Dùng MXH nặng,4,6.0,5.0,2.5,0.4901960784313726,1,1,0,1,0
2,Dùng MXH nặng,4,3.6,4.8,2.2,0.4489795918367348,0,1,0,1,0
1,Lướt đêm / ít ngủ,6,5.2,6.9,2.3,0.32857142857142857,1,1,0,1,0
0,Dùng MXH nhẹ,2,2.7,6.9,1.4,0.19999999999999998,0,1,0,0,1
1,Lướt đêm / ít ngủ,7,2.8,7.1,1.4,0.19444444444444445,0,0,0,1,0
3,Người dùng cân bằng,5,5.6,7.0,1.9,0.2676056338028169,1,0,1,0,0
0,Dùng MXH nhẹ,6,2.7,7.2,0.6,0.0821917808219178,0,0,0,0,1
0,Dùng MXH nhẹ,4,4.2,7.0,1.1,0.15492957746478875,0,0,0,0,1
1,Lướt đêm / ít ngủ,8,5.1,8.2,2.8,0.3373493975903615,1,0,0,1,0
3,Người dùng cân bằng,5,5.7,6.1,0.7,0.11290322580645162,1,1,1,0,0
0,Dùng MXH nhẹ,5,1.5,7.9,1.8,0.225,0,0,0,0,1
1,Lướt đêm / ít ngủ,2,6.9,8.3,2.4,0.2857142857142857,1,0,0,1,0
1,Lướt đêm / ít ngủ,5,4.7,7.9,2.9,0.3625,0,0,0,1,0
0,Dùng MXH nhẹ,6,2.7,8.5,0.8,0.0930232558139535,0,0,0,0,1
2,Dùng MXH nặng,6,6.1,6.4,2.8,0.43076923076923074,1,1,0,0,1
1,Lướt đêm / ít ngủ,8,5.0,7.3,1.9,0.25675675675675674,1,0,0,1,0
0,Dùng MXH nhẹ,10,5.3,6.8,1.9,0.2753623188405797,1,1,0,0,1
2,Dùng MXH nặng,1,7.2,6.6,2.9,0.4328358208955224,1,1,0,1,0
2,Dùng MXH nặng,4,2.3,5.7,2.8,0.48275862068965514,0,1,0,0,1
0,Dùng MXH nhẹ,3,7.3,7.8,1.1,0.13924050632911394,1,0,0,0,1
3,Người dùng cân bằng,4,1.5,8.0,0.7,0.08641975308641975,0,0,1,0,0
3,Người dùng cân bằng,1,2.2,6.5,1.9,0.2878787878787879,0,1,1,0,0
0,Dùng MXH nhẹ,10,5.5,6.7,1.6,0.23529411764705885,1,1,0,0,1
2,Dùng MXH nặng,9,2.1,5.2,2.5,0.4716981132075472,0,1,0,1,0
0,Dùng MXH nhẹ,1,4.5,5.4,1.2,0.21818181818181817,0,1,0,0,1
0,Dùng MXH nhẹ,10,3.9,5.8,0.7,0.11864406779661017,0,1,0,0,1
2,Dùng MXH nặng,7,5.8,5.1,2.6,0.5000000000000001,1,1,1,0,0
2,Dùng MXH nặng,10,7.2,4.2,2.5,0.5813953488372093,1,1,0,0,1
0,Dùng MXH nhẹ,5,2.9,7.5,1.4,0.18421052631578946,0,0,0,0,1
3,Người dùng cân bằng,4,6.2,7.4,0.6,0.08,1,0,1,0,0
2,Dùng MXH nặng,9,1.1,4.9,2.6,0.52,0,1,0,0,1
3,Người dùng cân bằng,10,5.2,4.3,1.3,0.2954545454545455,1,1,1,0,0
3,Người dùng cân bằng,1,5.0,7.6,1.8,0.2337662337662338,1,0,1,0,0
1,Lướt đêm / ít ngủ,9,2.3,8.7,1.2,0.13636363636363638,0,0,0,1,0
1,Lướt đêm / ít ngủ,7,5.2,5.6,1.5,0.26315789473684215,1,1,0,1,0
0,Dùng MXH nhẹ,9,3.5,8.7,1.4,0.1590909090909091,0,0,0,0,1
0,Dùng MXH nhẹ,1,3.5,4.2,1.5,0.3488372093023256,0,1,0,0,1
2,Dùng MXH nặng,8,7.7,4.2,2.6,0.6046511627906977,1,1,1,0,0
0,Dùng MXH nhẹ,2,2.0,8.6,2.2,0.25287356321839083,0,0,0,0,1
2,Dùng MXH nặng,2,5.1,4.5,2.7,0.5869565217391305,1,1,0,1,0
3,Người dùng cân bằng,10,2.0,7.9,2.4,0.3,0,0,1,0,0
3,Người dùng cân bằng,4,4.7,8.4,1.9,0.22352941176470587,0,0,1,0,0
2,Dùng MXH nặng,9,6.9,6.1,2.4,0.38709677419354843,1,1,0,1,0
2,Dùng MXH nặng,1,5.9,4.4,2.7,0.6000000000000001,1,1,1,0,0
3,Người dùng cân bằng,7,2.7,6.3,1.3,0.20312500000000003,0,1,1,0,0
1,Lướt đêm / ít ngủ,3,7.9,8.0,1.6,0.19753086419753088,1,0,0,1,0
1,Lướt đêm / ít ngủ,7,7.4,5.5,1.8,0.32142857142857145,1,1,0,1,0
3,Người dùng cân bằng,3,2.3,4.9,1.7,0.33999999999999997,0,1,1,0,0
0,Dùng MXH nhẹ,1,7.1,5.7,2.1,0.3620689655172414,1,1,0,0,1
3,Người dùng cân bằng,7,6.9,6.8,1.1,0.15942028985507248,1,1,1,0,0
1,Lướt đêm / ít ngủ,7,5.6,7.9,2.0,0.25,1,0,0,1,0
1,Lướt đêm / ít ngủ,9,5.2,8.1,2.1,0.25609756097560976,1,0,0,1,0
0,Dùng MXH nhẹ,5,4.5,4.9,0.5,0.1,0,1,0,0,1
1,Lướt đêm / ít ngủ,1,3.6,4.0,1.4,0.34146341463414637,0,1,0,1,0
2,Dùng MXH nặng,6,7.2,5.0,2.2,0.4313725490196079,1,1,1,0,0
1,Lướt đêm / ít ngủ,9,6.4,8.6,2.3,0.26436781609195403,1,0,0,1,0
0,Dùng MXH nhẹ,4,7.1,6.5,0.7,0.10606060606060606,1,1,0,0,1
0,Dùng MXH nhẹ,1,1.2,4.1,1.1,0.261904761904762,0,1,0,0,1
1,Lướt đêm / ít ngủ,10,6.6,8.8,0.9,0.10112359550561797,1,0,0,1,0
1,Lướt đêm / ít ngủ,8,6.5,6.4,1.1,0.16923076923076924,1,1,0,1,0
1,Lướt đêm / ít ngủ,1,2.0,4.4,0.7,0.15555555555555556,0,1,0,1,0
3,Người dùng cân bằng,3,2.5,5.3,0.8,0.14814814814814817,0,1,1,0,0
3,Người dùng cân bằng,5,2.1,8.8,2.3,0.2584269662921348,0,0,1,0,0
1,Lướt đêm / ít ngủ,6,7.1,8.8,1.8,0.20224719101123595,1,0,0,1,0
2,Dùng MXH nặng,3,6.8,4.4,2.1,0.4666666666666667,1,1,0,0,1
0,Dùng MXH nhẹ,8,5.2,5.4,0.8,0.14545454545454548,1,1,0,0,1
2,Dùng MXH nặng,9,7.0,4.5,2.3,0.5,1,1,0,1,0
1,Lướt đêm / ít ngủ,7,6.8,8.4,2.0,0.23529411764705882,1,0,0,1,0
1,Lướt đêm / ít ngủ,5,3.8,5.3,1.5,0.2777777777777778,0,1,0,1,0
3,Người dùng cân bằng,9,2.9,7.2,2.0,0.273972602739726,0,0,1,0,0
3,Người dùng cân bằng,4,3.6,6.6,0.7,0.10447761194029852,0,1,1,0,0
0,Dùng MXH nhẹ,2,4.0,8.3,0.6,0.07142857142857142,0,0,0,0,1
2,Dùng MXH nặng,3,7.5,4.7,2.1,0.43750000000000006,1,1,0,0,1
0,Dùng MXH nhẹ,2,6.0,8.7,1.5,0.17045454545454547,1,0,0,0,1
2,Dùng MXH nặng,2,3.6,6.1,2.8,0.4516129032258065,0,1,1,0,0
0,Dùng MXH nhẹ,5,4.7,8.2,1.2,0.14457831325301207,0,0,0,0,1
3,Người dùng cân bằng,5,2.0,6.6,0.9,0.13432835820895525,0,1,1,0,0
1,Lướt đêm / ít ngủ,9,7.8,7.2,1.3,0.17808219178082194,1,0,0,1,0
1,Lướt đêm / ít ngủ,1,5.9,7.4,0.7,0.09333333333333332,1,0,0,1,0
1,Lướt đêm / ít ngủ,7,7.7,8.4,2.8,0.32941176470588235,1,0,0,1,0
1,Lướt đêm / ít ngủ,10,2.2,5.4,1.2,0.21818181818181817,0,1,0,1,0
1,Lướt đêm / ít ngủ,10,7.7,7.6,2.9,0.37662337662337664,1,0,0,1,0
3,Người dùng cân bằng,9,3.2,6.0,1.5,0.24590163934426232,0,1,1,0,0
1,Lướt đêm / ít ngủ,10,2.0,7.8,0.5,0.06329113924050633,0,0,0,1,0
0,Dùng MXH nhẹ,5,6.2,5.2,1.0,0.18867924528301888,1,1,0,0,1
3,Người dùng cân bằng,2,2.4,8.7,1.6,0.18181818181818185,0,0,1,0,0
0,Dùng MXH nhẹ,4,3.4,8.0,1.0,0.1234567901234568,0,0,0,0,1
3,Người dùng cân bằng,7,6.0,4.2,0.9,0.20930232558139536,1,1,1,0,0
2,Dùng MXH nặng,7,5.3,5.6,2.5,0.4385964912280702,1,1,0,0,1
3,Người dùng cân bằng,6,5.5,6.3,0.8,0.12500000000000003,1,1,1,0,0
2,Dùng MXH nặng,6,3.6,6.1,2.8,0.4516129032258065,0,1,0,0,1
3,Người dùng cân bằng,2,3.7,6.3,1.3,0.20312500000000003,0,1,1,0,0
3,Người dùng cân bằng,10,7.4,7.4,0.9,0.12000000000000001,1,0,1,0,0
3,Người dùng cân bằng,3,5.3,6.0,1.0,0.1639344262295082,1,1,1,0,0
3,Người dùng cân bằng,6,4.8,5.5,1.8,0.32142857142857145,0,1,1,0,0
1,Lướt đêm / ít ngủ,1,3.4,4.5,0.5,0.10869565217391305,0,1,0,1,0
1,Lướt đêm / ít ngủ,9,7.0,8.9,0.6,0.06666666666666667,1,0,0,1,0
3,Người dùng cân bằng,7,5.4,7.2,1.2,0.1643835616438356,1,0,1,0,0
2,Dùng MXH nặng,3,5.3,6.4,2.9,0.4461538461538461,1,1,1,0,0
2,Dùng MXH nặng,8,1.8,5.1,2.7,0.5192307692307694,0,1,0,0,1
2,Dùng MXH nặng,2,4.5,6.2,2.8,0.4444444444444444,0,1,0,1,0
1,Lướt đêm / ít ngủ,3,5.4,7.1,2.5,0.34722222222222227,1,0,0,1,0
3,Người dùng cân bằng,2,3.6,8.6,0.7,0.08045977011494253,0,0,1,0,0
3,Người dùng cân bằng,10,5.7,8.9,0.7,0.07777777777777778,1,0,1,0,0
0,Dùng MXH nhẹ,4,5.5,7.3,2.5,0.3378378378378379,1,0,0,0,1
0,Dùng MXH nhẹ,10,5.3,4.7,1.1,0.22916666666666669,1,1,0,0,1
3,Người dùng cân bằng,2,2.7,5.4,1.6,0.29090909090909095,0,1,1,0,0
3,Người dùng cân bằng,5,6.4,5.6,0.8,0.14035087719298248,1,1,1,0,0
2,Dùng MXH nặng,5,5.0,6.3,3.0,0.46875000000000006,1,1,0,1,0
3,Người dùng cân bằng,6,2.5,4.6,1.6,0.34042553191489366,0,1,1,0,0
2,Dùng MXH nặng,1,2.2,4.5,2.0,0.4347826086956522,0,1,0,0,1
0,Dùng MXH nhẹ,5,4.1,5.5,1.9,0.3392857142857143,0,1,0,0,1
1,Lướt đêm / ít ngủ,4,2.8,7.4,2.0,0.26666666666666666,0,0,0,1,0
1,Lướt đêm / ít ngủ,2,1.1,8.2,2.7,0.32530120481927716,0,0,0,1,0
0,Dùng MXH nhẹ,7,7.0,5.7,1.6,0.27586206896551724,1,1,0,0,1
1,Lướt đêm / ít ngủ,5,2.6,7.9,2.3,0.2875,0,0,0,1,0
1,Lướt đêm / ít ngủ,7,2.6,6.1,1.4,0.22580645161290325,0,1,0,1,0
2,Dùng MXH nặng,7,3.4,4.6,2.0,0.4255319148936171,0,1,1,0,0
3,Người dùng cân bằng,4,7.9,5.7,1.6,0.27586206896551724,1,1,1,0,0
2,Dùng MXH nặng,2,5.1,5.3,2.6,0.48148148148148157,1,1,0,1,0
0,Dùng MXH nhẹ,4,2.8,6.4,1.4,0.21538461538461537,0,1,0,0,1
1,Lướt đêm / ít ngủ,3,3.4,4.3,0.7,0.1590909090909091,0,1,0,1,0
0,Dùng MXH nhẹ,4,6.3,6.9,1.0,0.14285714285714285,1,1,0,0,1
2,Dùng MXH nặng,10,1.1,4.6,2.5,0.5319148936170214,0,1,0,1,0
3,Người dùng cân bằng,6,3.8,7.1,2.5,0.34722222222222227,0,0,1,0,0
3,Người dùng cân bằng,10,2.1,4.1,1.6,0.38095238095238104,0,1,1,0,0
2,Dùng MXH nặng,3,6.2,6.1,2.4,0.38709677419354843,1,1,0,0,1
3,Người dùng cân bằng,4,6.8,8.4,2.1,0.24705882352941178,1,0,1,0,0
3,Người dùng cân bằng,3,5.2,5.5,1.6,0.28571428571428575,1,1,1,0,0
0,Dùng MXH nhẹ,1,3.7,4.0,0.9,0.21951219512195125,0,1,0,0,1
0,Dùng MXH nhẹ,3,2.4,7.5,1.8,0.2368421052631579,0,0,0,0,1
2,Dùng MXH nặng,4,2.1,5.8,2.7,0.45762711864406785,0,1,0,1,0
1,Lướt đêm / ít ngủ,7,2.6,4.2,0.7,0.1627906976744186,0,1,0,1,0
3,Người dùng cân bằng,8,6.5,6.0,1.5,0.24590163934426232,1,1,1,0,0
3,Người dùng cân bằng,9,3.4,5.3,1.8,0.33333333333333337,0,1,1,0,0
0,Dùng MXH nhẹ,10,1.7,4.3,1.4,0.3181818181818182,0,1,0,0,1
2,Dùng MXH nặng,6,5.6,4.4,2.9,0.6444444444444444,1,1,0,0,1
0,Dùng MXH nhẹ,9,8.0,5.7,1.3,0.22413793103448276,1,1,0,0,1
3,Người dùng cân bằng,5,5.7,8.4,1.3,0.15294117647058825,1,0,1,0,0
2,Dùng MXH nặng,4,4.0,5.4,2.7,0.49090909090909096,0,1,0,1,0
3,Người dùng cân bằng,6,3.5,5.3,1.7,0.3148148148148148,0,1,1,0,0
1,Lướt đêm / ít ngủ,2,4.2,5.5,1.3,0.23214285714285718,0,1,0,1,0
1,Lướt đêm / ít ngủ,5,3.9,7.4,2.5,0.3333333333333333,0,0,0,1,0
3,Người dùng cân bằng,2,6.7,4.3,0.6,0.13636363636363638,1,1,1,0,0
2,Dùng MXH nặng,2,6.7,4.3,1.8,0.40909090909090917,1,1,0,0,1
3,Người dùng cân bằng,9,3.4,5.6,1.7,0.29824561403508776,0,1,1,0,0
1,Lướt đêm / ít ngủ,6,5.0,4.3,0.7,0.1590909090909091,1,1,0,1,0
3,Người dùng cân bằng,9,3.8,5.9,1.0,0.16666666666666666,0,1,1,0,0
1,Lướt đêm / ít ngủ,2,7.3,7.3,2.8,0.3783783783783784,1,0,0,1,0
1,Lướt đêm / ít ngủ,8,7.2,5.0,1.4,0.27450980392156865,1,1,0,1,0
2,Dùng MXH nặng,8,3.1,4.2,2.1,0.48837209302325585,0,1,0,0,1
3,Người dùng cân bằng,6,8.0,4.4,0.7,0.15555555555555556,1,1,1,0,0
3,Người dùng cân bằng,5,4.3,7.5,1.1,0.14473684210526316,0,0,1,0,0
1,Lướt đêm / ít ngủ,5,4.0,5.1,1.1,0.2115384615384616,0,1,0,1,0
1,Lướt đêm / ít ngủ,9,6.9,5.6,1.4,0.2456140350877193,1,1,0,1,0
1,Lướt đêm / ít ngủ,5,7.0,4.4,0.9,0.2,1,1,0,1,0
3,Người dùng cân bằng,8,6.2,8.6,1.8,0.20689655172413796,1,0,1,0,0
3,Người dùng cân bằng,1,7.7,8.0,1.3,0.16049382716049385,1,0,1,0,0
0,Dùng MXH nhẹ,6,5.1,6.3,2.3,0.359375,1,1,0,0,1
1,Lướt đêm / ít ngủ,4,1.0,8.5,2.0,0.23255813953488372,0,0,0,1,0
3,Người dùng cân bằng,10,1.1,4.6,1.8,0.3829787234042554,0,1,1,0,0
3,Người dùng cân bằng,2,7.0,4.9,1.2,0.24,1,1,1,0,0
0,Dùng MXH nhẹ,5,2.7,7.8,1.8,0.2278481012658228,0,0,0,0,1
3,Người dùng cân bằng,5,2.5,4.2,1.4,0.3255813953488372,0,1,1,0,0
1,Lướt đêm / ít ngủ,5,2.3,4.3,0.9,0.20454545454545459,0,1,0,1,0
1,Lướt đêm / ít ngủ,3,2.7,6.6,1.6,0.23880597014925378,0,1,0,1,0
2,Dùng MXH nặng,9,3.2,5.4,2.6,0.4727272727272727,0,1,1,0,0
2,Dùng MXH nặng,4,3.8,5.3,2.3,0.42592592592592593,0,1,0,0,1
2,Dùng MXH nặng,9,4.1,5.4,2.4,0.43636363636363634,0,1,0,1,0
1,Lướt đêm / ít ngủ,6,2.3,6.6,1.4,0.20895522388059704,0,1,0,1,0
3,Người dùng cân bằng,2,8.0,4.7,0.6,0.125,1,1,1,0,0
1,Lướt đêm / ít ngủ,3,2.9,6.4,0.7,0.10769230769230768,0,1,0,1,0
2,Dùng MXH nặng,3,4.4,5.0,2.8,0.5490196078431373,0,1,0,0,1
0,Dùng MXH nhẹ,1,3.1,6.8,2.0,0.2898550724637681,0,1,0,0,1
1,Lướt đêm / ít ngủ,10,7.9,7.5,2.0,0.2631578947368421,1,0,0,1,0
0,Dùng MXH nhẹ,6,1.2,7.0,2.2,0.3098591549295775,0,0,0,0,1
0,Dùng MXH nhẹ,9,4.0,7.4,2.7,0.36000000000000004,0,0,0,0,1
3,Người dùng cân bằng,4,1.0,7.1,0.8,0.11111111111111113,0,0,1,0,0
2,Dùng MXH nặng,1,7.9,5.7,2.4,0.41379310344827586,1,1,1,0,0
1,Lướt đêm / ít ngủ,9,6.2,4.4,0.7,0.15555555555555556,1,1,0,1,0
2,Dùng MXH nặng,9,2.5,5.4,2.3,0.41818181818181815,0,1,1,0,0
0,Dùng MXH nhẹ,4,4.7,8.2,2.6,0.31325301204819284,0,0,0,0,1
3,Người dùng cân bằng,1,6.3,6.5,1.0,0.15151515151515152,1,1,1,0,0
2,Dùng MXH nặng,7,7.5,5.4,2.3,0.41818181818181815,1,1,0,1,0
1,Lướt đêm / ít ngủ,9,2.0,8.4,1.5,0.17647058823529413,0,0,0,1,0
3,Người dùng cân bằng,5,6.3,8.4,1.6,0.18823529411764706,1,0,1,0,0
0,Dùng MXH nhẹ,10,6.6,8.9,2.0,0.2222222222222222,1,0,0,0,1
0,Dùng MXH nhẹ,10,3.6,5.6,1.7,0.29824561403508776,0,1,0,0,1
2,Dùng MXH nặng,9,3.2,4.6,2.5,0.5319148936170214,0,1,0,0,1
3,Người dùng cân bằng,1,3.1,6.4,1.6,0.24615384615384617,0,1,1,0,0
3,Người dùng cân bằng,5,6.7,8.8,1.9,0.21348314606741572,1,0,1,0,0
1,Lướt đêm / ít ngủ,1,6.6,8.2,0.7,0.08433734939759037,1,0,0,1,0
3,Người dùng cân bằng,8,7.0,4.5,1.6,0.3478260869565218,1,1,1,0,0
2,Dùng MXH nặng,4,4.8,5.1,2.1,0.4038461538461539,0,1,0,0,1
3,Người dùng cân bằng,8,5.8,6.3,1.1,0.17187500000000003,1,1,1,0,0
2,Dùng MXH nặng,2,6.0,6.3,2.8,0.4375,1,1,0,0,1
0,Dùng MXH nhẹ,10,4.0,5.2,1.8,0.339622641509434,0,1,0,0,1
2,Dùng MXH nặng,6,5.8,4.8,2.6,0.5306122448979592,1,1,0,0,1
3,Người dùng cân bằng,4,5.2,7.6,1.3,0.16883116883116886,1,0,1,0,0
0,Dùng MXH nhẹ,10,2.9,6.7,1.5,0.22058823529411764,0,1,0,0,1
1,Lướt đêm / ít ngủ,2,7.5,7.5,1.4,0.18421052631578946,1,0,0,1,0
3,Người dùng cân bằng,6,5.8,6.1,1.2,0.19354838709677422,1,1,1,0,0
3,Người dùng cân bằng,10,7.6,5.8,1.9,0.3220338983050848,1,1,1,0,0
1,Lướt đêm / ít ngủ,1,1.3,7.6,0.6,0.07792207792207792,0,0,0,1,0
0,Dùng MXH nhẹ,4,3.7,5.7,1.3,0.22413793103448276,0,1,0,0,1
2,Dùng MXH nặng,9,3.6,4.7,2.5,0.5208333333333334,0,1,1,0,0
2,Dùng MXH nặng,8,6.4,6.9,2.9,0.41428571428571426,1,1,0,1,0
2,Dùng MXH nặng,6,6.0,4.8,2.6,0.5306122448979592,1,1,0,1,0
1,Lướt đêm / ít ngủ,7,1.3,7.7,1.9,0.24358974358974358,0,0,0,1,0
3,Người dùng cân bằng,10,3.7,7.0,1.4,0.19718309859154928,0,0,1,0,0
1,Lướt đêm / ít ngủ,3,8.0,4.3,0.8,0.18181818181818185,1,1,0,1,0
0,Dùng MXH nhẹ,5,4.1,7.5,2.7,0.3552631578947369,0,0,0,0,1
0,Dùng MXH nhẹ,7,3.9,8.7,1.5,0.17045454545454547,0,0,0,0,1
3,Người dùng cân bằng,10,6.4,5.9,1.6,0.26666666666666666,1,1,1,0,0
1,Lướt đêm / ít ngủ,7,1.3,6.5,2.1,0.31818181818181823,0,1,0,1,0
3,Người dùng cân bằng,3,5.0,6.6,1.8,0.2686567164179105,1,1,1,0,0
0,Dùng MXH nhẹ,10,5.5,5.2,1.4,0.2641509433962264,1,1,0,0,1
3,Người dùng cân bằng,8,7.6,7.9,3.0,0.375,1,0,1,0,0
2,Dùng MXH nặng,6,6.3,5.7,2.3,0.396551724137931,1,1,0,0,1
2,Dùng MXH nặng,8,2.0,5.9,2.9,0.48333333333333334,0,1,1,0,0
2,Dùng MXH nặng,4,4.0,4.5,1.9,0.41304347826086957,0,1,0,1,0
3,Người dùng cân bằng,8,4.9,5.5,1.6,0.28571428571428575,0,1,1,0,0
1,Lướt đêm / ít ngủ,3,6.9,8.0,1.6,0.19753086419753088,1,0,0,1,0
2,Dùng MXH nặng,1,5.4,4.2,1.8,0.4186046511627907,1,1,0,1,0
0,Dùng MXH nhẹ,9,3.8,8.9,2.5,0.2777777777777778,0,0,0,0,1
0,Dùng MXH nhẹ,1,7.8,6.8,0.6,0.08695652173913043,1,1,0,0,1
0,Dùng MXH nhẹ,3,3.5,8.8,1.8,0.20224719101123595,0,0,0,0,1
3,Người dùng cân bằng,6,5.4,7.3,2.0,0.2702702702702703,1,0,1,0,0
0,Dùng MXH nhẹ,1,3.8,5.7,2.0,0.3448275862068966,0,1,0,0,1
3,Người dùng cân bằng,4,8.0,6.9,2.2,0.31428571428571433,1,1,1,0,0
1,Lướt đêm / ít ngủ,9,3.7,5.7,1.7,0.29310344827586204,0,1,0,1,0
2,Dùng MXH nặng,5,5.0,6.3,2.9,0.453125,1,1,1,0,0
3,Người dùng cân bằng,6,4.2,7.1,2.5,0.34722222222222227,0,0,1,0,0
3,Người dùng cân bằng,3,4.6,8.2,1.5,0.1807228915662651,0,0,1,0,0
3,Người dùng cân bằng,4,5.5,5.0,0.9,0.17647058823529413,1,1,1,0,0
2,Dùng MXH nặng,5,1.8,4.5,2.8,0.6086956521739131,0,1,1,0,0
1,Lướt đêm / ít ngủ,4,6.6,6.2,1.8,0.28571428571428575,1,1,0,1,0
1,Lướt đêm / ít ngủ,10,4.4,5.3,0.9,0.16666666666666669,0,1,0,1,0
2,Dùng MXH nặng,10,4.7,4.4,2.1,0.4666666666666667,0,1,0,1,0
3,Người dùng cân bằng,3,7.1,5.7,0.6,0.10344827586206896,1,1,1,0,0
0,Dùng MXH nhẹ,1,4.0,8.5,1.0,0.11627906976744186,0,0,0,0,1
2,Dùng MXH nặng,8,5.5,5.3,2.6,0.48148148148148157,1,1,1,0,0
1,Lướt đêm / ít ngủ,9,5.6,6.5,1.4,0.21212121212121213,1,1,0,1,0
0,Dùng MXH nhẹ,10,3.7,7.1,1.7,0.23611111111111113,0,0,0,0,1
1,Lướt đêm / ít ngủ,9,1.8,7.4,2.3,0.30666666666666664,0,0,0,1,0
2,Dùng MXH nặng,10,7.6,4.2,2.8,0.6511627906976744,1,1,0,1,0
1,Lướt đêm / ít ngủ,5,5.7,8.0,2.5,0.308641975308642,1,0,0,1,0
3,Người dùng cân bằng,1,6.1,7.0,2.7,0.3802816901408451,1,0,1,0,0
3,Người dùng cân bằng,1,6.0,7.2,0.6,0.0821917808219178,1,0,1,0,0
2,Dùng MXH nặng,3,3.1,4.2,2.4,0.5581395348837209,0,1,0,1,0
3,Người dùng cân bằng,8,7.6,6.0,2.0,0.3278688524590164,1,1,1,0,0
2,Dùng MXH nặng,8,6.0,5.3,2.7,0.5000000000000001,1,1,0,0,1
2,Dùng MXH nặng,3,3.5,5.3,2.7,0.5000000000000001,0,1,1,0,0
1,Lướt đêm / ít ngủ,10,1.3,7.5,1.4,0.18421052631578946,0,0,0,1,0
1,Lướt đêm / ít ngủ,9,2.8,7.0,2.9,0.4084507042253521,0,0,0,1,0
0,Dùng MXH nhẹ,5,3.9,4.8,0.8,0.163265306122449,0,1,0,0,1
2,Dùng MXH nặng,7,3.9,4.8,2.8,0.5714285714285715,0,1,0,0,1
3,Người dùng cân bằng,10,7.4,8.9,2.4,0.26666666666666666,1,0,1,0,0
1,Lướt đêm / ít ngủ,6,5.4,7.4,1.7,0.22666666666666666,1,0,0,1,0
0,Dùng MXH nhẹ,5,6.6,6.8,0.8,0.11594202898550726,1,1,0,0,1
3,Người dùng cân bằng,6,5.9,7.4,1.7,0.22666666666666666,1,0,1,0,0
0,Dùng MXH nhẹ,2,3.3,5.2,1.8,0.339622641509434,0,1,0,0,1
3,Người dùng cân bằng,6,2.8,7.7,1.0,0.12820512820512822,0,0,1,0,0
1,Lướt đêm / ít ngủ,10,7.3,8.8,2.5,0.28089887640449435,1,0,0,1,0
3,Người dùng cân bằng,7,2.8,6.9,2.3,0.32857142857142857,0,1,1,0,0
1,Lướt đêm / ít ngủ,6,7.2,7.7,1.2,0.15384615384615385,1,0,0,1,0
1,Lướt đêm / ít ngủ,3,7.1,6.3,0.8,0.12500000000000003,1,1,0,1,0
1,Lướt đêm / ít ngủ,3,4.3,4.4,0.9,0.2,0,1,0,1,0
0,Dùng MXH nhẹ,2,1.6,4.4,1.4,0.3111111111111111,0,1,0,0,1
0,Dùng MXH nhẹ,4,1.4,8.0,2.5,0.308641975308642,0,0,0,0,1
3,Người dùng cân bằng,4,3.2,6.8,2.3,0.3333333333333333,0,1,1,0,0
0,Dùng MXH nhẹ,10,1.5,8.0,0.5,0.0617283950617284,0,0,0,0,1
2,Dùng MXH nặng,7,7.5,5.1,2.6,0.5000000000000001,1,1,0,1,0
3,Người dùng cân bằng,2,3.5,4.6,0.7,0.14893617021276598,0,1,1,0,0
0,Dùng MXH nhẹ,3,4.4,8.2,2.7,0.32530120481927716,0,0,0,0,1
2,Dùng MXH nặng,2,4.6,5.1,2.5,0.48076923076923084,0,1,0,1,0
2,Dùng MXH nặng,7,5.9,6.6,2.6,0.3880597014925374,1,1,0,1,0
1,Lướt đêm / ít ngủ,9,7.8,4.7,1.1,0.22916666666666669,1,1,0,1,0
1,Lướt đêm / ít ngủ,2,4.8,7.3,1.9,0.25675675675675674,0,0,0,1,0
1,Lướt đêm / ít ngủ,2,7.4,4.6,1.0,0.21276595744680854,1,1,0,1,0
3,Người dùng cân bằng,5,2.7,7.9,1.2,0.15,0,0,1,0,0
1,Lướt đêm / ít ngủ,8,5.3,6.4,1.1,0.16923076923076924,1,1,0,1,0
2,Dùng MXH nặng,1,3.6,4.4,2.4,0.5333333333333333,0,1,0,0,1
0,Dùng MXH nhẹ,8,2.5,5.7,2.1,0.3620689655172414,0,1,0,0,1
0,Dùng MXH nhẹ,4,4.5,7.0,1.5,0.21126760563380284,0,0,0,0,1
2,Dùng MXH nặng,4,1.9,5.1,2.9,0.5576923076923077,0,1,0,0,1
3,Người dùng cân bằng,2,3.8,7.7,0.7,0.08974358974358974,0,0,1,0,0
2,Dùng MXH nặng,1,3.9,4.0,1.8,0.4390243902439025,0,1,0,0,1
0,Dùng MXH nhẹ,1,1.1,8.7,2.1,0.23863636363636367,0,0,0,0,1
0,Dùng MXH nhẹ,5,3.9,8.7,1.1,0.12500000000000003,0,0,0,0,1
3,Người dùng cân bằng,4,8.0,8.1,2.5,0.30487804878048785,1,0,1,0,0
1,Lướt đêm / ít ngủ,1,1.2,8.5,2.3,0.26744186046511625,0,0,0,1,0
3,Người dùng cân bằng,2,2.2,6.1,0.9,0.14516129032258066,0,1,1,0,0
1,Lướt đêm / ít ngủ,6,4.2,6.8,1.4,0.2028985507246377,0,1,0,1,0
0,Dùng MXH nhẹ,1,6.0,5.6,1.1,0.19298245614035092,1,1,0,0,1
3,Người dùng cân bằng,5,5.4,4.9,0.6,0.12,1,1,1,0,0
1,Lướt đêm / ít ngủ,1,2.7,7.6,2.5,0.32467532467532473,0,0,0,1,0
0,Dùng MXH nhẹ,5,1.9,6.2,0.9,0.14285714285714288,0,1,0,0,1
0,Dùng MXH nhẹ,4,1.5,6.8,0.8,0.11594202898550726,0,1,0,0,1
1,Lướt đêm / ít ngủ,9,2.6,4.8,0.7,0.14285714285714288,0,1,0,1,0
3,Người dùng cân bằng,5,1.2,7.3,1.0,0.13513513513513514,0,0,1,0,0
0,Dùng MXH nhẹ,4,1.8,7.8,2.0,0.25316455696202533,0,0,0,0,1
0,Dùng MXH nhẹ,9,4.8,7.5,1.0,0.13157894736842105,0,0,0,0,1
2,Dùng MXH nặng,9,2.1,5.6,2.4,0.4210526315789474,0,1,0,0,1
3,Người dùng cân bằng,1,4.4,6.0,0.5,0.0819672131147541,0,1,1,0,0
2,Dùng MXH nặng,9,2.8,4.3,3.0,0.6818181818181819,0,1,0,0,1
2,Dùng MXH nặng,1,3.5,4.5,2.7,0.5869565217391305,0,1,0,1,0
0,Dùng MXH nhẹ,10,6.8,6.6,2.1,0.3134328358208956,1,1,0,0,1
3,Người dùng cân bằng,5,7.0,5.2,1.4,0.2641509433962264,1,1,1,0,0
0,Dùng MXH nhẹ,2,7.5,8.1,2.8,0.34146341463414637,1,0,0,0,1
2,Dùng MXH nặng,4,2.5,4.4,2.0,0.4444444444444444,0,1,1,0,0
2,Dùng MXH nặng,7,6.5,5.4,2.1,0.38181818181818183,1,1,0,1,0
2,Dùng MXH nặng,8,7.7,4.4,2.0,0.4444444444444444,1,1,1,0,0
0,Dùng MXH nhẹ,5,3.2,7.8,0.7,0.08860759493670886,0,0,0,0,1
1,Lướt đêm / ít ngủ,7,5.3,4.3,1.5,0.34090909090909094,1,1,0,1,0
1,Lướt đêm / ít ngủ,10,5.0,5.2,0.5,0.09433962264150944,1,1,0,1,0
3,Người dùng cân bằng,4,6.1,7.1,2.3,0.3194444444444445,1,0,1,0,0
1,Lướt đêm / ít ngủ,7,4.2,7.3,2.6,0.35135135135135137,0,0,0,1,0
3,Người dùng cân bằng,6,4.7,8.2,2.3,0.27710843373493976,0,0,1,0,0
1,Lướt đêm / ít ngủ,6,1.6,5.8,0.6,0.1016949152542373,0,1,0,1,0
2,Dùng MXH nặng,9,1.7,6.5,2.7,0.4090909090909091,0,1,0,1,0
3,Người dùng cân bằng,4,4.6,4.1,1.4,0.33333333333333337,0,1,1,0,0
2,Dùng MXH nặng,2,2.5,6.8,2.8,0.4057971014492754,0,1,0,1,0
1,Lướt đêm / ít ngủ,5,4.2,6.3,1.2,0.1875,0,1,0,1,0
1,Lướt đêm / ít ngủ,10,1.2,4.8,1.7,0.34693877551020413,0,1,0,1,0
3,Người dùng cân bằng,5,2.7,7.2,2.9,0.3972602739726027,0,0,1,0,0
0,Dùng MXH nhẹ,10,1.5,5.2,0.8,0.15094339622641512,0,1,0,0,1
3,Người dùng cân bằng,6,3.2,5.6,0.7,0.12280701754385966,0,1,1,0,0
0,Dùng MXH nhẹ,9,7.3,7.4,1.5,0.2,1,0,0,0,1
3,Người dùng cân bằng,9,2.0,8.2,1.0,0.12048192771084339,0,0,1,0,0
1,Lướt đêm / ít ngủ,4,2.5,7.1,1.9,0.2638888888888889,0,0,0,1,0
2,Dùng MXH nặng,5,7.7,4.7,2.9,0.6041666666666666,1,1,1,0,0
0,Dùng MXH nhẹ,3,3.9,7.9,2.1,0.2625,0,0,0,0,1
2,Dùng MXH nặng,4,3.5,6.1,2.7,0.435483870967742,0,1,0,1,0
3,Người dùng cân bằng,6,4.9,6.4,2.5,0.38461538461538464,0,1,1,0,0
2,Dùng MXH nặng,1,3.4,5.8,3.0,0.5084745762711865,0,1,0,0,1
2,Dùng MXH nặng,9,2.5,4.6,2.2,0.46808510638297884,0,1,0,1,0
0,Dùng MXH nhẹ,8,4.8,5.4,0.9,0.16363636363636364,0,1,0,0,1
1,Lướt đêm / ít ngủ,4,7.4,6.1,1.1,0.17741935483870971,1,1,0,1,0
3,Người dùng cân bằng,6,2.1,4.8,1.3,0.2653061224489796,0,1,1,0,0
1,Lướt đêm / ít ngủ,7,2.1,6.8,2.2,0.31884057971014496,0,1,0,1,0
2,Dùng MXH nặng,3,1.8,4.9,2.3,0.45999999999999996,0,1,1,0,0
0,Dùng MXH nhẹ,9,6.8,5.4,0.9,0.16363636363636364,1,1,0,0,1
2,Dùng MXH nặng,4,7.9,4.1,2.8,0.6666666666666667,1,1,1,0,0
2,Dùng MXH nặng,1,7.6,6.0,2.9,0.4754098360655738,1,1,0,0,1
1,Lướt đêm / ít ngủ,2,6.1,5.8,1.8,0.3050847457627119,1,1,0,1,0
0,Dùng MXH nhẹ,4,1.4,5.7,1.8,0.3103448275862069,0,1,0,0,1
1,Lướt đêm / ít ngủ,4,6.3,5.7,1.4,0.24137931034482757,1,1,0,1,0
3,Người dùng cân bằng,9,1.3,5.7,1.1,0.18965517241379312,0,1,1,0,0
2,Dùng MXH nặng,4,5.1,5.1,2.9,0.5576923076923077,1,1,0,1,0
3,Người dùng cân bằng,5,4.0,8.2,1.4,0.16867469879518074,0,0,1,0,0
3,Người dùng cân bằng,10,7.6,7.3,1.9,0.25675675675675674,1,0,1,0,0
1,Lướt đêm / ít ngủ,7,3.8,7.4,2.6,0.3466666666666667,0,0,0,1,0
2,Dùng MXH nặng,9,5.2,4.7,2.4,0.5,1,1,1,0,0
0,Dùng MXH nhẹ,3,5.0,8.6,0.7,0.08045977011494253,1,0,0,0,1
0,Dùng MXH nhẹ,6,7.4,8.3,1.4,0.16666666666666666,1,0,0,0,1
1,Lướt đêm / ít ngủ,10,6.1,6.8,0.8,0.11594202898550726,1,1,0,1,0
0,Dùng MXH nhẹ,10,7.4,6.7,2.0,0.29411764705882354,1,1,0,0,1
0,Dùng MXH nhẹ,2,3.5,4.4,1.5,0.3333333333333333,0,1,0,0,1
3,Người dùng cân bằng,7,5.1,6.3,1.6,0.25000000000000006,1,1,1,0,0
1,Lướt đêm / ít ngủ,5,4.8,6.0,2.1,0.34426229508196726,0,1,0,1,0
0,Dùng MXH nhẹ,3,7.5,7.6,2.8,0.36363636363636365,1,0,0,0,1
0,Dùng MXH nhẹ,4,4.7,8.7,2.0,0.2272727272727273,0,0,0,0,1
1,Lướt đêm / ít ngủ,6,3.3,8.5,1.2,0.13953488372093023,0,0,0,1,0
3,Người dùng cân bằng,10,6.9,5.8,0.6,0.1016949152542373,1,1,1,0,0
3,Người dùng cân bằng,1,5.4,4.2,1.5,0.3488372093023256,1,1,1,0,0
0,Dùng MXH nhẹ,2,5.2,7.7,2.7,0.3461538461538462,1,0,0,0,1
3,Người dùng cân bằng,7,3.3,6.5,1.3,0.196969696969697,0,1,1,0,0
0,Dùng MXH nhẹ,8,7.3,7.6,1.9,0.24675324675324675,1,0,0,0,1
0,Dùng MXH nhẹ,4,7.6,4.9,0.6,0.12,1,1,0,0,1
0,Dùng MXH nhẹ,7,1.7,7.0,0.8,0.11267605633802819,0,0,0,0,1
2,Dùng MXH nặng,5,1.5,5.6,2.9,0.5087719298245614,0,1,0,0,1
0,Dùng MXH nhẹ,3,7.3,8.5,1.5,0.1744186046511628,1,0,0,0,1
0,Dùng MXH nhẹ,3,2.8,6.2,1.2,0.19047619047619047,0,1,0,0,1
0,Dùng MXH nhẹ,3,1.2,7.4,2.7,0.36000000000000004,0,0,0,0,1
1,Lướt đêm / ít ngủ,4,2.5,8.9,1.2,0.13333333333333333,0,0,0,1,0
1,Lướt đêm / ít ngủ,3,4.8,5.6,1.6,0.28070175438596495,0,1,0,1,0
0,Dùng MXH nhẹ,10,6.4,4.2,1.1,0.2558139534883721,1,1,0,0,1
3,Người dùng cân bằng,10,6.6,6.1,1.7,0.2741935483870968,1,1,1,0,0
2,Dùng MXH nặng,8,3.5,5.7,2.4,0.41379310344827586,0,1,0,0,1
2,Dùng MXH nặng,9,2.4,6.3,2.8,0.4375,0,1,0,1,0
3,Người dùng cân bằng,4,5.9,4.3,0.8,0.18181818181818185,1,1,1,0,0
2,Dùng MXH nặng,1,7.4,5.0,2.0,0.3921568627450981,1,1,1,0,0
2,Dùng MXH nặng,1,4.6,5.3,3.0,0.5555555555555556,0,1,0,1,0
2,Dùng MXH nặng,6,7.3,5.8,2.9,0.4915254237288136,1,1,1,0,0
1,Lướt đêm / ít ngủ,1,2.9,4.5,0.9,0.1956521739130435,0,1,0,1,0
1,Lướt đêm / ít ngủ,9,5.3,8.4,0.6,0.07058823529411765,1,0,0,1,0
1,Lướt đêm / ít ngủ,6,7.2,8.2,2.9,0.3493975903614458,1,0,0,1,0
0,Dùng MXH nhẹ,4,2.6,7.9,1.8,0.225,0,0,0,0,1
3,Người dùng cân bằng,5,3.6,4.8,1.0,0.20408163265306126,0,1,1,0,0
3,Người dùng cân bằng,5,3.6,6.5,1.1,0.16666666666666669,0,1,1,0,0
3,Người dùng cân bằng,6,1.8,5.5,1.6,0.28571428571428575,0,1,1,0,0
3,Người dùng cân bằng,10,1.8,7.6,1.2,0.15584415584415584,0,0,1,0,0
0,Dùng MXH nhẹ,9,7.4,8.4,1.9,0.22352941176470587,1,0,0,0,1
2,Dùng MXH nặng,4,4.8,4.3,2.2,0.5000000000000001,0,1,0,0,1
0,Dùng MXH nhẹ,9,2.4,6.8,1.0,0.14492753623188406,0,1,0,0,1
1,Lướt đêm / ít ngủ,7,5.4,5.2,0.6,0.11320754716981132,1,1,0,1,0
0,Dùng MXH nhẹ,8,3.5,8.5,2.2,0.2558139534883721,0,0,0,0,1
3,Người dùng cân bằng,1,3.0,5.0,2.0,0.3921568627450981,0,1,1,0,0
0,Dùng MXH nhẹ,4,3.3,7.4,0.9,0.12000000000000001,0,0,0,0,1
2,Dùng MXH nặng,2,5.5,5.1,2.7,0.5192307692307694,1,1,0,1,0
0,Dùng MXH nhẹ,1,3.8,8.3,2.6,0.30952380952380953,0,0,0,0,1
1,Lướt đêm / ít ngủ,1,5.7,8.7,2.0,0.2272727272727273,1,0,0,1,0
1,Lướt đêm / ít ngủ,5,4.7,8.0,1.1,0.1358024691358025,0,0,0,1,0
3,Người dùng cân bằng,9,4.0,6.7,0.6,0.08823529411764706,0,1,1,0,0
1,Lướt đêm / ít ngủ,5,5.3,6.8,0.7,0.10144927536231885,1,1,0,1,0
3,Người dùng cân bằng,2,3.8,4.7,1.2,0.25,0,1,1,0,0
2,Dùng MXH nặng,1,6.0,4.1,2.4,0.5714285714285715,1,1,0,0,1
0,Dùng MXH nhẹ,10,2.2,4.5,1.3,0.28260869565217395,0,1,0,0,1
1,Lướt đêm / ít ngủ,1,4.3,8.4,2.1,0.24705882352941178,0,0,0,1,0
2,Dùng MXH nặng,3,7.5,4.5,2.7,0.5869565217391305,1,1,0,1,0
2,Dùng MXH nặng,10,5.3,6.8,2.9,0.4202898550724638,1,1,1,0,0
3,Người dùng cân bằng,10,7.0,6.9,2.1,0.3,1,1,1,0,0
2,Dùng MXH nặng,5,2.1,4.6,2.0,0.4255319148936171,0,1,0,0,1
0,Dùng MXH nhẹ,1,7.3,7.3,2.8,0.3783783783783784,1,0,0,0,1
3,Người dùng cân bằng,8,2.6,6.5,1.5,0.2272727272727273,0,1,1,0,0
0,Dùng MXH nhẹ,2,5.4,4.9,1.5,0.3,1,1,0,0,1
3,Người dùng cân bằng,3,6.9,6.2,0.6,0.09523809523809523,1,1,1,0,0
3,Người dùng cân bằng,9,3.0,5.5,2.1,0.37500000000000006,0,1,1,0,0
2,Dùng MXH nặng,2,1.3,4.5,2.3,0.5,0,1,1,0,0
0,Dùng MXH nhẹ,8,6.2,6.4,1.4,0.21538461538461537,1,1,0,0,1
3,Người dùng cân bằng,1,3.6,5.5,1.2,0.2142857142857143,0,1,1,0,0
0,Dùng MXH nhẹ,9,6.5,6.7,2.5,0.36764705882352944,1,1,0,0,1
3,Người dùng cân bằng,3,5.3,6.6,0.6,0.08955223880597016,1,1,1,0,0
0,Dùng MXH nhẹ,3,4.6,5.3,1.3,0.24074074074074078,0,1,0,0,1
0,Dùng MXH nhẹ,3,7.7,6.6,1.6,0.23880597014925378,1,1,0,0,1
1,Lướt đêm / ít ngủ,1,7.1,8.4,1.8,0.21176470588235294,1,0,0,1,0
1,Lướt đêm / ít ngủ,4,3.9,7.5,2.1,0.27631578947368424,0,0,0,1,0
1,Lướt đêm / ít ngủ,9,7.5,8.6,0.9,0.10344827586206898,1,0,0,1,0
1,Lướt đêm / ít ngủ,4,5.8,7.5,2.2,0.2894736842105263,1,0,0,1,0
3,Người dùng cân bằng,4,7.6,7.3,2.9,0.3918918918918919,1,0,1,0,0
3,Người dùng cân bằng,7,4.4,7.4,2.8,0.3733333333333333,0,0,1,0,0
2,Dùng MXH nặng,10,4.6,4.6,2.5,0.5319148936170214,0,1,0,0,1
0,Dùng MXH nhẹ,2,7.0,8.9,0.7,0.07777777777777778,1,0,0,0,1
1,Lướt đêm / ít ngủ,2,3.6,8.8,1.2,0.1348314606741573,0,0,0,1,0
1,Lướt đêm / ít ngủ,1,3.0,6.6,0.9,0.13432835820895525,0,1,0,1,0
2,Dùng MXH nặng,5,7.2,6.4,2.9,0.4461538461538461,1,1,1,0,0
0,Dùng MXH nhẹ,9,5.6,5.9,2.0,0.3333333333333333,1,1,0,0,1
3,Người dùng cân bằng,2,2.0,4.7,1.1,0.22916666666666669,0,1,1,0,0
2,Dùng MXH nặng,5,4.4,5.1,2.8,0.5384615384615385,0,1,0,1,0
1,Lướt đêm / ít ngủ,4,3.5,5.8,1.2,0.2033898305084746,0,1,0,1,0
3,Người dùng cân bằng,3,6.5,6.5,1.5,0.2272727272727273,1,1,1,0,0
3,Người dùng cân bằng,9,4.4,8.8,2.3,0.2584269662921348,0,0,1,0,0
1,Lướt đêm / ít ngủ,4,3.1,4.2,0.8,0.186046511627907,0,1,0,1,0
2,Dùng MXH nặng,10,7.8,4.2,2.1,0.48837209302325585,1,1,0,0,1
2,Dùng MXH nặng,9,2.1,4.4,2.2,0.48888888888888893,0,1,0,0,1
2,Dùng MXH nặng,7,5.5,5.7,2.3,0.396551724137931,1,1,0,0,1
3,Người dùng cân bằng,5,5.7,7.2,2.4,0.3287671232876712,1,0,1,0,0
1,Lướt đêm / ít ngủ,6,5.0,6.3,1.5,0.23437500000000003,1,1,0,1,0
0,Dùng MXH nhẹ,4,7.5,4.0,0.5,0.12195121951219513,1,1,0,0,1
1,Lướt đêm / ít ngủ,2,2.2,7.1,1.1,0.15277777777777782,0,0,0,1,0
2,Dùng MXH nặng,10,7.3,4.1,2.1,0.5000000000000001,1,1,1,0,0
3,Người dùng cân bằng,5,2.7,7.5,1.5,0.19736842105263158,0,0,1,0,0
3,Người dùng cân bằng,8,1.6,8.6,2.6,0.2988505747126437,0,0,1,0,0
2,Dùng MXH nặng,7,4.0,4.9,2.7,0.54,0,1,0,1,0
2,Dùng MXH nặng,6,6.3,4.7,2.4,0.5,1,1,0,0,1
1,Lướt đêm / ít ngủ,6,6.8,7.1,2.9,0.4027777777777778,1,0,0,1,0
0,Dùng MXH nhẹ,9,6.6,8.1,2.0,0.24390243902439027,1,0,0,0,1
3,Người dùng cân bằng,5,4.0,4.2,0.9,0.20930232558139536,0,1,1,0,0
2,Dùng MXH nặng,8,1.6,5.0,2.7,0.5294117647058825,0,1,0,1,0
0,Dùng MXH nhẹ,2,5.3,8.2,1.9,0.22891566265060243,1,0,0,0,1
0,Dùng MXH nhẹ,9,7.4,4.4,1.4,0.3111111111111111,1,1,0,0,1
3,Người dùng cân bằng,4,2.3,8.7,0.6,0.06818181818181819,0,0,1,0,0
0,Dùng MXH nhẹ,8,7.6,6.1,0.8,0.12903225806451615,1,1,0,0,1
1,Lướt đêm / ít ngủ,1,7.6,7.6,2.4,0.3116883116883117,1,0,0,1,0
0,Dùng MXH nhẹ,2,3.4,4.7,0.5,0.10416666666666667,0,1,0,0,1
3,Người dùng cân bằng,6,2.3,4.2,0.9,0.20930232558139536,0,1,1,0,0
3,Người dùng cân bằng,7,5.0,4.3,1.1,0.25000000000000006,1,1,1,0,0
1,Lướt đêm / ít ngủ,2,3.8,7.1,0.5,0.06944444444444445,0,0,0,1,0
3,Người dùng cân bằng,4,3.7,7.6,1.2,0.15584415584415584,0,0,1,0,0
0,Dùng MXH nhẹ,2,1.4,8.6,2.4,0.27586206896551724,0,0,0,0,1
2,Dùng MXH nặng,1,1.8,4.9,2.7,0.54,0,1,0,0,1
1,Lướt đêm / ít ngủ,6,1.5,5.8,1.1,0.18644067796610173,0,1,0,1,0
0,Dùng MXH nhẹ,3,5.5,5.5,1.8,0.32142857142857145,1,1,0,0,1
0,Dùng MXH nhẹ,10,4.9,5.2,0.7,0.1320754716981132,0,1,0,0,1
0,Dùng MXH nhẹ,8,7.2,7.0,2.3,0.323943661971831,1,0,0,0,1
3,Người dùng cân bằng,8,6.8,7.2,1.1,0.15068493150684933,1,0,1,0,0
0,Dùng MXH nhẹ,2,2.2,7.7,2.1,0.2692307692307693,0,0,0,0,1
1,Lướt đêm / ít ngủ,6,5.9,7.0,0.8,0.11267605633802819,1,0,0,1,0
3,Người dùng cân bằng,6,2.2,7.5,1.4,0.18421052631578946,0,0,1,0,0
3,Người dùng cân bằng,1,2.4,4.2,1.2,0.27906976744186046,0,1,1,0,0
3,Người dùng cân bằng,4,4.1,7.6,1.0,0.12987012987012989,0,0,1,0,0
3,Người dùng cân bằng,1,4.5,7.0,2.7,0.3802816901408451,0,0,1,0,0
3,Người dùng cân bằng,3,4.6,5.9,1.4,0.2333333333333333,0,1,1,0,0
2,Dùng MXH nặng,10,4.5,6.1,2.8,0.4516129032258065,0,1,0,0,1
2,Dùng MXH nặng,4,5.0,5.2,2.6,0.4905660377358491,1,1,1,0,0
0,Dùng MXH nhẹ,2,4.1,6.4,1.4,0.21538461538461537,0,1,0,0,1
1,Lướt đêm / ít ngủ,2,7.5,7.6,1.8,0.2337662337662338,1,0,0,1,0
3,Người dùng cân bằng,3,4.2,5.5,1.8,0.32142857142857145,0,1,1,0,0
2,Dùng MXH nặng,7,7.2,5.0,2.9,0.5686274509803921,1,1,0,0,1
3,Người dùng cân bằng,3,4.8,6.0,0.6,0.09836065573770492,0,1,1,0,0
3,Người dùng cân bằng,6,7.3,6.7,1.0,0.14705882352941177,1,1,1,0,0
0,Dùng MXH nhẹ,6,3.9,4.5,1.6,0.3478260869565218,0,1,0,0,1
2,Dùng MXH nặng,10,5.5,4.0,2.4,0.5853658536585367,1,1,0,0,1
2,Dùng MXH nặng,1,7.5,6.3,2.8,0.4375,1,1,0,0,1
3,Người dùng cân bằng,2,1.8,6.9,2.7,0.38571428571428573,0,1,1,0,0
3,Người dùng cân bằng,8,2.6,5.1,0.9,0.1730769230769231,0,1,1,0,0
2,Dùng MXH nặng,2,5.5,6.0,2.8,0.45901639344262296,1,1,0,0,1
1,Lướt đêm / ít ngủ,1,3.6,7.1,0.9,0.12500000000000003,0,0,0,1,0
0,Dùng MXH nhẹ,2,7.6,5.4,1.9,0.34545454545454546,1,1,0,0,1
3,Người dùng cân bằng,6,7.9,7.1,0.7,0.09722222222222222,1,0,1,0,0
0,Dùng MXH nhẹ,8,2.6,6.8,1.7,0.2463768115942029,0,1,0,0,1
1,Lướt đêm / ít ngủ,3,5.7,6.4,0.9,0.13846153846153847,1,1,0,1,0
3,Người dùng cân bằng,2,7.1,5.7,1.2,0.20689655172413793,1,1,1,0,0
1,Lướt đêm / ít ngủ,10,1.3,8.7,0.9,0.10227272727272729,0,0,0,1,0
0,Dùng MXH nhẹ,3,1.1,6.7,2.0,0.29411764705882354,0,1,0,0,1
1,Lướt đêm / ít ngủ,3,3.3,9.0,0.7,0.07692307692307693,0,0,0,1,0
0,Dùng MXH nhẹ,3,7.4,7.2,1.8,0.24657534246575344,1,0,0,0,1
1,Lướt đêm / ít ngủ,5,5.8,8.3,2.8,0.3333333333333333,1,0,0,1,0
1,Lướt đêm / ít ngủ,5,4.6,6.8,1.5,0.2173913043478261,0,1,0,1,0
1,Lướt đêm / ít ngủ,10,2.5,7.1,1.6,0.22222222222222227,0,0,0,1,0
0,Dùng MXH nhẹ,3,4.0,8.0,2.0,0.2469135802469136,0,0,0,0,1
0,Dùng MXH nhẹ,4,6.6,8.0,1.9,0.2345679012345679,1,0,0,0,1
1,Lướt đêm / ít ngủ,6,2.9,5.8,1.6,0.27118644067796616,0,1,0,1,0
2,Dùng MXH nặng,7,7.2,5.7,2.7,0.4655172413793104,1,1,0,1,0
3,Người dùng cân bằng,9,2.9,5.3,1.0,0.1851851851851852,0,1,1,0,0
2,Dùng MXH nặng,2,7.3,5.7,2.9,0.5,1,1,0,0,1
1,Lướt đêm / ít ngủ,4,3.7,9.0,1.5,0.16483516483516483,0,0,0,1,0
3,Người dùng cân bằng,4,7.0,4.8,1.7,0.34693877551020413,1,1,1,0,0
1,Lướt đêm / ít ngủ,4,4.0,8.4,2.3,0.27058823529411763,0,0,0,1,0
0,Dùng MXH nhẹ,3,2.7,7.5,2.8,0.3684210526315789,0,0,0,0,1
0,Dùng MXH nhẹ,1,7.2,5.7,0.7,0.12068965517241378,1,1,0,0,1
0,Dùng MXH nhẹ,1,7.9,7.0,2.7,0.3802816901408451,1,0,0,0,1
2,Dùng MXH nặng,3,5.1,5.3,2.3,0.42592592592592593,1,1,1,0,0
0,Dùng MXH nhẹ,10,6.4,7.7,0.7,0.08974358974358974,1,0,0,0,1
2,Dùng MXH nặng,2,4.4,4.2,2.0,0.46511627906976744,0,1,0,0,1
1,Lướt đêm / ít ngủ,10,7.0,7.4,2.6,0.3466666666666667,1,0,0,1,0
1,Lướt đêm / ít ngủ,10,7.8,5.7,1.2,0.20689655172413793,1,1,0,1,0
3,Người dùng cân bằng,5,5.0,6.2,1.0,0.15873015873015872,1,1,1,0,0
1,Lướt đêm / ít ngủ,1,6.6,5.3,1.1,0.20370370370370375,1,1,0,1,0
0,Dùng MXH nhẹ,5,2.6,8.6,2.7,0.31034482758620696,0,0,0,0,1
2,Dùng MXH nặng,2,5.8,4.4,1.8,0.4,1,1,1,0,0
1,Lướt đêm / ít ngủ,7,5.6,6.8,2.3,0.3333333333333333,1,1,0,1,0
2,Dùng MXH nặng,7,4.6,4.3,2.9,0.6590909090909092,0,1,0,0,1
0,Dùng MXH nhẹ,1,1.4,4.7,0.5,0.10416666666666667,0,1,0,0,1
0,Dùng MXH nhẹ,5,2.9,8.2,2.3,0.27710843373493976,0,0,0,0,1
2,Dùng MXH nặng,2,7.9,6.3,2.7,0.42187500000000006,1,1,1,0,0
0,Dùng MXH nhẹ,7,3.5,6.8,2.3,0.3333333333333333,0,1,0,0,1
3,Người dùng cân bằng,6,3.8,7.9,1.2,0.15,0,0,1,0,0
3,Người dùng cân bằng,7,2.9,8.7,0.9,0.10227272727272729,0,0,1,0,0
0,Dùng MXH nhẹ,7,3.5,4.6,0.7,0.14893617021276598,0,1,0,0,1
3,Người dùng cân bằng,8,4.8,8.6,1.8,0.20689655172413796,0,0,1,0,0
1,Lướt đêm / ít ngủ,7,5.8,7.2,1.1,0.15068493150684933,1,0,0,1,0
0,Dùng MXH nhẹ,9,6.1,7.5,2.5,0.32894736842105265,1,0,0,0,1
0,Dùng MXH nhẹ,3,4.3,7.8,0.5,0.06329113924050633,0,0,0,0,1
2,Dùng MXH nặng,8,7.8,4.6,3.0,0.6382978723404257,1,1,1,0,0
1,Lướt đêm / ít ngủ,4,5.2,7.5,1.1,0.14473684210526316,1,0,0,1,0
2,Dùng MXH nặng,4,3.5,4.3,2.2,0.5000000000000001,0,1,1,0,0
2,Dùng MXH nặng,7,6.5,4.6,1.8,0.3829787234042554,1,1,0,1,0
1,Lướt đêm / ít ngủ,3,4.7,7.2,2.7,0.36986301369863017,0,0,0,1,0
3,Người dùng cân bằng,9,2.5,6.3,1.8,0.28125000000000006,0,1,1,0,0
1,Lướt đêm / ít ngủ,9,5.5,7.4,2.0,0.26666666666666666,1,0,0,1,0
3,Người dùng cân bằng,10,3.5,8.0,1.9,0.2345679012345679,0,0,1,0,0
1,Lướt đêm / ít ngủ,3,4.6,7.0,1.6,0.22535211267605637,0,0,0,1,0
3,Người dùng cân bằng,9,3.5,6.9,1.6,0.2285714285714286,0,1,1,0,0
1,Lướt đêm / ít ngủ,4,1.6,8.6,1.4,0.16091954022988506,0,0,0,1,0
0,Dùng MXH nhẹ,6,3.2,5.9,0.7,0.11666666666666665,0,1,0,0,1
0,Dùng MXH nhẹ,6,1.7,7.0,2.7,0.3802816901408451,0,0,0,0,1
2,Dùng MXH nặng,7,6.4,4.3,2.3,0.5227272727272727,1,1,1,0,0
1,Lướt đêm / ít ngủ,9,3.3,6.4,1.0,0.15384615384615385,0,1,0,1,0
0,Dùng MXH nhẹ,4,1.2,6.8,2.6,0.3768115942028986,0,1,0,0,1
0,Dùng MXH nhẹ,1,2.5,7.8,1.4,0.17721518987341772,0,0,0,0,1
2,Dùng MXH nặng,4,2.2,5.1,2.3,0.44230769230769235,0,1,0,1,0
0,Dùng MXH nhẹ,5,5.2,7.1,1.9,0.2638888888888889,1,0,0,0,1
3,Người dùng cân bằng,7,7.9,8.7,2.5,0.2840909090909091,1,0,1,0,0
0,Dùng MXH nhẹ,2,5.6,8.0,2.4,0.2962962962962963,1,0,0,0,1
2,Dùng MXH nặng,6,3.9,4.2,2.1,0.48837209302325585,0,1,0,1,0
2,Dùng MXH nặng,4,1.8,6.1,2.7,0.435483870967742,0,1,0,1,0
0,Dùng MXH nhẹ,5,5.8,5.1,1.2,0.23076923076923078,1,1,0,0,1
3,Người dùng cân bằng,8,2.2,4.4,1.7,0.37777777777777777,0,1,1,0,0
2,Dùng MXH nặng,10,6.9,4.6,2.5,0.5319148936170214,1,1,0,0,1
3,Người dùng cân bằng,10,5.7,6.7,2.6,0.3823529411764706,1,1,1,0,0
2,Dùng MXH nặng,3,7.5,5.6,2.3,0.4035087719298246,1,1,0,1,0
2,Dùng MXH nặng,8,5.2,6.4,2.5,0.38461538461538464,1,1,0,0,1
0,Dùng MXH nhẹ,3,7.2,6.9,2.1,0.3,1,1,0,0,1
1,Lướt đêm / ít ngủ,8,2.0,4.3,0.8,0.18181818181818185,0,1,0,1,0
0,Dùng MXH nhẹ,10,4.7,6.8,1.4,0.2028985507246377,0,1,0,0,1
0,Dùng MXH nhẹ,5,5.6,4.5,1.4,0.30434782608695654,1,1,0,0,1
2,Dùng MXH nặng,8,4.5,4.0,2.9,0.7073170731707318,0,1,1,0,0
3,Người dùng cân bằng,5,1.1,9.0,1.2,0.13186813186813187,0,0,1,0,0
0,Dùng MXH nhẹ,4,5.3,4.6,1.5,0.31914893617021284,1,1,0,0,1
2,Dùng MXH nặng,1,3.5,5.3,2.5,0.462962962962963,0,1,0,0,1
0,Dùng MXH nhẹ,6,6.5,6.2,1.2,0.19047619047619047,1,1,0,0,1
0,Dùng MXH nhẹ,7,7.0,6.7,1.9,0.27941176470588236,1,1,0,0,1
1,Lướt đêm / ít ngủ,2,4.0,4.1,0.9,0.21428571428571433,0,1,0,1,0
3,Người dùng cân bằng,6,1.7,5.3,1.5,0.2777777777777778,0,1,1,0,0
2,Dùng MXH nặng,5,7.8,4.7,2.2,0.45833333333333337,1,1,0,1,0
2,Dùng MXH nặng,9,5.2,6.7,3.0,0.4411764705882353,1,1,1,0,0
1,Lướt đêm / ít ngủ,7,7.9,5.8,2.1,0.35593220338983056,1,1,0,1,0
0,Dùng MXH nhẹ,10,5.9,6.6,1.3,0.1940298507462687,1,1,0,0,1
1,Lướt đêm / ít ngủ,5,2.6,8.5,1.9,0.22093023255813954,0,0,0,1,0
1,Lướt đêm / ít ngủ,9,6.3,4.8,1.2,0.2448979591836735,1,1,0,1,0
1,Lướt đêm / ít ngủ,5,4.5,8.4,2.1,0.24705882352941178,0,0,0,1,0
2,Dùng MXH nặng,1,5.3,4.7,2.8,0.5833333333333334,1,1,1,0,0
0,Dùng MXH nhẹ,4,5.2,7.4,2.5,0.3333333333333333,1,0,0,0,1
0,Dùng MXH nhẹ,8,3.3,6.1,1.2,0.19354838709677422,0,1,0,0,1
0,Dùng MXH nhẹ,4,1.1,5.4,1.6,0.29090909090909095,0,1,0,0,1
3,Người dùng cân bằng,9,5.0,7.3,1.2,0.16216216216216217,1,0,1,0,0
1,Lướt đêm / ít ngủ,10,7.4,8.6,1.4,0.16091954022988506,1,0,0,1,0
1,Lướt đêm / ít ngủ,4,7.4,8.9,2.9,0.3222222222222222,1,0,0,1,0
2,Dùng MXH nặng,6,6.6,5.2,2.2,0.4150943396226416,1,1,0,1,0
0,Dùng MXH nhẹ,4,7.1,7.2,1.1,0.15068493150684933,1,0,0,0,1
1,Lướt đêm / ít ngủ,1,1.1,8.6,2.3,0.26436781609195403,0,0,0,1,0
1,Lướt đêm / ít ngủ,4,3.6,8.7,0.8,0.09090909090909093,0,0,0,1,0
1,Lướt đêm / ít ngủ,6,5.1,4.6,1.1,0.23404255319148942,1,1,0,1,0
3,Người dùng cân bằng,9,7.3,7.8,1.0,0.12658227848101267,1,0,1,0,0
0,Dùng MXH nhẹ,5,7.7,7.5,1.4,0.18421052631578946,1,0,0,0,1
2,Dùng MXH nặng,9,7.9,4.1,1.6,0.38095238095238104,1,1,0,1,0
2,Dùng MXH nặng,5,5.5,5.8,2.5,0.42372881355932207,1,1,0,0,1
3,Người dùng cân bằng,2,4.0,7.8,0.6,0.0759493670886076,0,0,1,0,0
1,Lướt đêm / ít ngủ,5,7.9,4.7,1.5,0.3125,1,1,0,1,0
0,Dùng MXH nhẹ,8,5.5,8.2,0.5,0.06024096385542169,1,0,0,0,1
0,Dùng MXH nhẹ,3,7.6,7.1,1.1,0.15277777777777782,1,0,0,0,1
1,Lướt đêm / ít ngủ,8,1.3,4.4,0.9,0.2,0,1,0,1,0
1,Lướt đêm / ít ngủ,3,7.3,7.0,2.2,0.3098591549295775,1,0,0,1,0
3,Người dùng cân bằng,5,4.3,6.7,2.5,0.36764705882352944,0,1,1,0,0
1,Lướt đêm / ít ngủ,8,7.1,7.7,1.9,0.24358974358974358,1,0,0,1,0
1,Lướt đêm / ít ngủ,6,5.7,6.4,1.9,0.29230769230769227,1,1,0,1,0
0,Dùng MXH nhẹ,7,5.2,7.3,1.7,0.22972972972972974,1,0,0,0,1
1,Lướt đêm / ít ngủ,1,3.1,7.7,2.2,0.2820512820512821,0,0,0,1,0
0,Dùng MXH nhẹ,9,3.0,6.2,0.8,0.126984126984127,0,1,0,0,1
2,Dùng MXH nặng,1,6.0,4.2,2.2,0.5116279069767442,1,1,0,0,1
3,Người dùng cân bằng,1,5.9,8.6,1.9,0.21839080459770116,1,0,1,0,0
1,Lướt đêm / ít ngủ,6,5.1,5.5,0.7,0.125,1,1,0,1,0
3,Người dùng cân bằng,8,3.5,4.9,0.5,0.1,0,1,1,0,0
2,Dùng MXH nặng,2,5.3,5.3,2.4,0.4444444444444445,1,1,0,1,0
3,Người dùng cân bằng,1,4.1,7.5,1.7,0.2236842105263158,0,0,1,0,0
3,Người dùng cân bằng,8,4.1,6.7,2.1,0.3088235294117647,0,1,1,0,0
1,Lướt đêm / ít ngủ,10,6.3,6.8,1.8,0.26086956521739135,1,1,0,1,0
0,Dùng MXH nhẹ,3,6.6,9.0,2.9,0.31868131868131866,1,0,0,0,1
2,Dùng MXH nặng,2,1.4,4.5,2.3,0.5,0,1,0,0,1
1,Lướt đêm / ít ngủ,5,2.4,9.0,2.4,0.26373626373626374,0,0,0,1,0
0,Dùng MXH nhẹ,8,1.6,5.4,2.0,0.36363636363636365,0,1,0,0,1
3,Người dùng cân bằng,6,2.0,8.9,0.8,0.08888888888888889,0,0,1,0,0
3,Người dùng cân bằng,10,7.4,7.4,2.0,0.26666666666666666,1,0,1,0,0
2,Dùng MXH nặng,9,1.6,4.8,2.4,0.489795918367347,0,1,0,1,0
3,Người dùng cân bằng,1,3.8,8.4,0.9,0.10588235294117647,0,0,1,0,0
1,Lướt đêm / ít ngủ,8,8.0,4.7,0.5,0.10416666666666667,1,1,0,1,0
1,Lướt đêm / ít ngủ,10,7.8,5.9,1.5,0.25,1,1,0,1,0
3,Người dùng cân bằng,3,7.2,8.1,2.1,0.25609756097560976,1,0,1,0,0
0,Dùng MXH nhẹ,9,2.0,4.5,1.7,0.3695652173913044,0,1,0,0,1
3,Người dùng cân bằng,3,6.8,6.6,2.0,0.2985074626865672,1,1,1,0,0
0,Dùng MXH nhẹ,7,2.3,8.0,1.9,0.2345679012345679,0,0,0,0,1
0,Dùng MXH nhẹ,1,1.7,8.7,0.7,0.07954545454545454,0,0,0,0,1
0,Dùng MXH nhẹ,7,3.9,8.5,2.1,0.24418604651162792,0,0,0,0,1
1,Lướt đêm / ít ngủ,5,4.7,6.5,1.0,0.15151515151515152,0,1,0,1,0
